name;mass;radius;orbital_period;semi_major_axis;eccentricity
Earth;0.00314647;0.091130151;365;1;0.016
KIC 5522786 b;-1;0.11;757.1639;1.98;0.56
KIC 5010054 b;-1;0.62;904.24;1.86;0
HD 219134 e;0.0117;-1;1842;2.56;0.34
KIC 9662267 b;-1;0.34;466202;1.12;0.11
11 Com b;19.4;-1;326.03;1.29;0.231
11 UMi b;10.5;-1;516.22;1.54;0.08
14 And b;5.33;-1;185.84;0.83;0
14 Her b;4.64;-1;1773.4;2.77;0.369
16 Cyg B b;1.68;-1;799.5;1.68;0.689
18 Del b;10.3;-1;993.3;2.6;0.08
1RXS 1609 b;14;1.7;-1;330;-1
1SWASP J1407 b;20;-1;3725;3.9;-1
24 Sex b;1.99;-1;452.8;1333;0.09
24 Sex c;0.86;-1;883;2.08;0.29
2M 0103(AB) b;13;-1;-1;84;-1
2M 0122-2439 b;20;1;-1;52;-1
2M 0219-3925 b;13.9;1.44;-1;156;-1
2M 044144 b;7.5;-1;-1;15;-1
2M 0746+20 b;30;0.97;4640;2897;0.487
2M 1936+4603 b;1.9;-1;416;0.92;-1
2M 2140+16 b;20;0.92;7340;3.53;0.26
2M 2206-20 b;30;1.3;8686;4.48;0
2M1207 b;4;-1;-1;46;-1
30 Ari B b;9.88;-1;335.1;995;0.289
4 Uma b;7.1;-1;269.3;0.87;0.432
42 Dra b;3.88;-1;479.1;1.19;0.38
47 Uma b;2.53;-1;1078;2.1;0.032
47 Uma c;0.54;-1;2391;3.6;0.098
47 Uma d;1.64;-1;14002;11.6;0.16
51 Eri b;7;-1;14965;14;0.21
51 Peg b;0.46;1.9;4.2308;52;0.0069
55 Cnc b;0.8;-1;14651;0.1134;0.0159
55 Cnc c;169;-1;44.3446;0.2403;0.053
55 Cnc d;3835;-1;5218;5.76;0.025
55 Cnc e;0.0261775163;0.1775362254;0.7365417;0.0156;0.06
55 Cnc f;144;-1;260.7;781;0.0002
6 Lyn b;2.4;-1;899;2.2;0.134
61 Vir b;16;-1;4215;0.050201;0.12
61 Vir c;0.0573;-1;38021;0.2175;0.14
61 Vir d;72;-1;123.01;476;0.35
7 CMa b;2.46;-1;796;1.93;0.22
70 Vir b;6.6;-1;116.67;0.48;0.43
75 Cet b;3;-1;691.9;2.1;-1
8 Umi b;1.5;-1;93.4;0.49;0.06
81 Cet b;5.3;-1;952.7;2.5;0.206
91 Aqr b;3.2;-1;181.4;0.7;0.027
AB Pic b;13.5;-1;-1;275;-1
Aldebaran b;6.47;-1;628.96;1.46;0.1
BD +48 738 b;0.91;-1;392.6;1;0.2
BD+15 2940 b;1.11;-1;137.48;539;0.26
BD+20 274 c;4.2;-1;578.2;1.3;-1
BD+49 828 b;1.6;-1;2590;4.2;0.35
BD-061339 b;27;-1;3.8728;0.0428;0
BD-061339 c;0.17;-1;125.94;435;0
BD-082823 b;45;-1;5.6;56;0.15
BD-082823 c;0.33;-1;237.6;0.68;0.19
BD-10 3166 b;0.46;1.03;3.4878;46;0.0104
BD-114672 b;0.53;-1;1667;2.28;0.05
BD-17 63 b;5.1;-1;655.6;1.34;0.54
BD14 4559 b;1.47;-1;268.94;777;0.29
BD20 2457 b;21.42;-1;379.63;1.45;0.15
BD20 2457 c;12.47;-1;621.99;2.01;0.18
CD-35 2722 b;31;-1;-1;67;-1
CFBDS 1458 b;6.5;-1;14600;2.6;-1
CHXR 73 b;12;-1;-1;200;-1
CT Cha b;17;2.2;-1;440;-1
CoRoT-1 b;1.03;1.49;1.5089557;0.0254;0
CoRoT-10 b;2.75;0.97;13.2406;0.1055;0.53
CoRoT-11 b;2.33;1.43;2.994325;0.04351;0
CoRoT-12 b;917;1.44;2.828042;0.04016;0.07
CoRoT-13 b;1308;885;4.03519;51;0
CoRoT-14 b;7.6;1.09;1.51214;27;0
CoRoT-15 b;63.3;1.12;3.06036;45;0
CoRoT-16 b;535;1.17;5.35227;0.0618;0.33
CoRoT-17 b;2.43;1.02;3.768125;0.0461;0
CoRoT-18 b;3.47;1.31;1.9000693;0.0295;0.08
CoRoT-19 b;1.11;1.29;3.89713;0.0518;0.047
CoRoT-2 b;3.31;1465;1.7429964;0.0281;0
CoRoT-20 b;4.24;0.84;9.24285;0.0902;0.562
CoRoT-21 b;2.26;1.3;2.72474;0.0417;0
CoRoT-22 b;0.0383853003;0.4353652161;9.75598;92;0.077
CoRoT-23 b;2.8;1.08;3.6314;0.0477;0.16
CoRoT-24 b;18;0.33;5.1134;56;0
CoRoT-24 c;88;0.44;11759;98;0
CoRoT-25 b;0.27;1.08;4.86069;0.0578;-1
CoRoT-26 b;0.52;1.26;4.20474;0.0526;0
CoRoT-27 b;10.39;1007;3.57532;0.0476;0.065
CoRoT-28 b;484;955;5.20851;59;0.047
CoRoT-29 b;0.85;0.9;2.85057;39;0.082
CoRoT-3 b;21.77;1.01;4.2567994;57;0
CoRoT-33 b;59;1.1;5.819143;0.0579;0.07
CoRoT-4 b;0.72;1.19;9.20205;0.09;0
CoRoT-5 b;467;1.33;4.0378962;0.04947;0.09
CoRoT-6 b;2.96;1166;8.886593;0.0855;0.1
CoRoT-7 b;0.0233458138;0.1489876867;0.853585;0.0172;0
CoRoT-7 c;0.0264;-1;3698;46;0
CoRoT-8 b;0.2158386559;0.5691864915;6.21229;63;0
CoRoT-9 b;0.84;0.94;95.273804;407;0.11
DE0823-49 b;31.5;-1;247.75;0.36;0.36
DH Tau b;11;-1;-1;330;-1
DP Leo b;6.05;-1;10230;8.19;0.39
EPIC 201505350 b;-1;645;7.919454;77;0
EPIC 201505350 c;1.1;376;11.90701;103;0
EPIC 201637175 b;1.4;0.25;0.381071;0.0088;-1
EPIC 2037 b;0.0661;507;20.8851;154;0
EPIC 2037 c;27;698;42.3633;247;0
EPIC-206011691 b;-1;142;9.32414;0.0731;-1
EPIC-206011691 c;-1;171;15.5012;0.1026;-1
FU Tau b;15;-1;-1;800;-1
FW Tau b;10;-1;-1;330;-1
Fomalhaut b;3;-1;320000;115;0.11
GJ 1132 b;0.0051;103;1.62893;0.0154;0
GJ 1214 b;0.0203253312;0.2382018703;1.58040482;0.01411;0.27
GJ 160.2 b;0.0320926281;-1;5.2354;53;0.06
GJ 176 b;0.0265;-1;8.7836;66;0
GJ 180 b;0.0261145896;-1;17.38;103;0.11
GJ 180 c;0.020136551;-1;24329;129;0.09
GJ 221  BD-061339 d;91;-1;500;1.06;0.04
GJ 229 b;0.1006827549;-1;471;0.97;0.1
GJ 27.1 b;0.0409023692;-1;15819;101;0.08
GJ 3021 b;3.37;-1;133.71;0.49;0.511
GJ 317 b;1.81;-1;692;1148;0.11
GJ 317 c;2;-1;7300;30;0.81
GJ 328 b;2.3;-1;4100;4.5;0.37
GJ 3293 b;0.0812;-1;30.6;0.1434;0.09
GJ 3293 d;0.0705;-1;123.98;364;0.37
GJ 3341 b;0.35717;-1;14207;89;0.31
GJ 3470 b;0.0437340717;0.3738074294;3.33671;0.03557;-1
GJ 3634 b;22;-1;2.64561;0.0287;0.08
GJ 422 b;0.0311487273;-1;26161;119;0.05
GJ 433 b;0.01667;-1;7.3697;0.06;0.05
GJ 433 c;0.14;-1;3693;3.6;0.17
GJ 436 b;0.07;0.38;2.64394;0.02887;0.1912
GJ 504 b;4;-1;-1;43.5;-1
GJ 667C b;0.0176;-1;7.2004;0.0505;0.13
GJ 667C c;0.0119;-1;28.14;125;0.02
GJ 667C d;0.01604;-1;91.61;276;0.03
GJ 667C e;0.0085;-1;62.24;213;0.02
GJ 667C f;0.0085;-1;39026;156;0.03
GJ 667C g;0.0145;-1;256.2;549;0.08
GJ 674 b;0.04;1.13;4.6944;39;0.07
GJ 676A b;4.95;-1;1050.3;1.8;0.328
GJ 676A c;3;-1;4400;5.2;0.2
GJ 676A d;14;-1;3.6;0.0413;0.15
GJ 676A e;36;-1;35.37;187;0.24
GJ 682 b;0.0138438788;-1;17478;0.08;0.08
GJ 682 c;0.027365121;-1;57.32;176;0.1
GJ 758 b;35;-1;109000;44.8;0.564
GJ 832 b;0.6890476041;-1;3416;3.6;0.08
GJ 832 c;0.0157316805;-1;35.67;162;0.03
GJ 849 b;0.9;-1;1914;2.35;0.012
GJ 849 c;0.77;-1;7049;-1;0.218
GQ Lup b;21.5;1.8;-1;103;-1
GSC 6214-210 b;17;-1;-1;320;-1
GU Psc b;11;1.35;-1;2000;-1
Gj 163 b;0.0334;-1;8633;0.06069;0.0106
Gj 163 c;0.02285;-1;25645;0.1254;0.094
Gj 163 d;0.06945;-1;600895;1.02689;0.399
Gl 15 A b;0.0168328981;-1;11.4433;0.0717;0
Gl 179 b;0.82;-1;2288;2.41;0.21
Gl 581 b;0.05;-1;5.36865;41;0.031
Gl 581 c;17;-1;12.9182;73;0.07
Gl 581 e;0.0061;-1;3.14945;28;0.32
Gl 649 b;328;-1;598.3;1135;0.3
Gl 649 c;0.03;-1;4.4762;43;0.2
Gl 687 b;58;-1;38.14;0.16353;0.04
Gl 785 b;0.0679608596;-1;74.39;319;0.3
Gl 86 b;4.01;-1;15766;0.11;0.046
Gliese 876 b;1927;-1;61.03;0.208317;0
Gliese 876 c;637;-1;30.23;0.12959;0.002
Gliese 876 d;17;-1;1.94;0.02080665;0.081
Gliese 876 e;39;-1;124.69;0.3343;0.073
HAT-P-1 b;525;1319;4.46529976;0.05561;0.067
HAT-P-11 b;0.0824340056;0.4219830886;4.887804;53;0.198
HAT-P-12 b;0.2104898845;0.9545917648;3.2130598;0.0384;0
HAT-P-13 b;0.85;1.28;2.916243;0.0426;0.0142
HAT-P-13 c;14.28;-1;446.27;1186;0.6616
HAT-P-14 b;2.2;1.2;4.627657;0.0594;0.095
HAT-P-15 b;1946;1072;10.863502;0.0964;0.19
HAT-P-16 b;4193;1289;2.77596;0.0413;0.036
HAT-P-17 b;534;1.01;10.338523;0.0882;0.346
HAT-P-17 c;1.4;-1;1798;2.75;0.1
HAT-P-18 b;183;947;5.508029;0.0559;0.106
HAT-P-19 b;292;1132;4.008784;0.0466;0.067
HAT-P-2 b;8.74;951;5.6334729;0.0674;0.5171
HAT-P-20 b;7246;867;2.875317;0.0361;0.015
HAT-P-21 b;4063;1024;4.124461;0.0494;0.228
HAT-P-22 b;2147;1.08;3.21222;0.0414;0.016
HAT-P-23 b;2.09;1368;1.212884;0.0232;0.106
HAT-P-24 b;685;1242;3.35524;0.0465;0.067
HAT-P-25 b;567;1.19;3.652836;0.0466;0.032
HAT-P-26 b;0.0585218513;0.5647257824;4.234516;0.0479;0.124
HAT-P-27-WASP-40 b;0.66;1055;3.0395803;0.0403;0.078
HAT-P-28 b;626;1212;3.257215;0.0434;0.051
HAT-P-29 b;778;1107;5.723186;0.0667;0.095
HAT-P-3 b;591;827;2.899703;0.03866;0
HAT-P-30-WASP-51 b;711;1.34;2.810595;0.0419;0.035
HAT-P-31 b;2171;1.07;5.005425;55;0.245
HAT-P-32 b;941;2037;2.150009;0.0344;0.163
HAT-P-33 b;763;1827;3.474474;0.0503;0.148
HAT-P-34 b;3328;1107;5.452654;0.0677;0.441
HAT-P-35 b;1054;1332;3.646706;0.0498;0.025
HAT-P-36 b;1832;1264;1.327347;0.0238;0.063
HAT-P-37 b;1169;1178;2.797436;0.0379;0.058
HAT-P-38 b;267;825;4.640382;0.0523;0.067
HAT-P-39 b;599;1571;3.54387;0.0509;-1
HAT-P-4 b;0.68;1.27;3.0565114;0.0446;0
HAT-P-40 b;615;1.73;4.457243;0.0608;-1
HAT-P-41 b;0.8;1685;2.694047;0.0426;-1
HAT-P-42 b;975;1277;4.641876;0.0575;0
HAT-P-43 b;0.66;1283;3.332688;0.0443;0
HAT-P-44 b;392;1.28;4.301217;0.0507;0.072
HAT-P-44 c;1.6;-1;219.9;699;-1
HAT-P-45 b;892;1426;3.128992;0.0452;0.049
HAT-P-46 b;493;1284;4.463129;0.0577;0.123
HAT-P-46 c;2;-1;77.7;387;-1
HAT-P-49 b;1.73;1413;2.691548;0.0438;0
HAT-P-5 b;1.06;1252;2.788491;0.04079;0
HAT-P-50 b;1.35;1288;3.1220109;0.0453;0.115
HAT-P-51 b;309;1293;4.2180278;0.05069;0.123
HAT-P-52 b;818;1009;2.7535953;0.03694;0.047
HAT-P-53 b;1484;1318;1.9616241;0.03159;0.134
HAT-P-54 b;0.76;944;3.799847;0.04117;0.074
HAT-P-55 b;582;1182;3.5852467;0.04604;0.139
HAT-P-56 b;2.18;1466;2.7908327;0.0423;0.246
HAT-P-57 b;1.85;1413;2.465295;0.0406;0
HAT-P-6 b;1057;1.33;3.853003;0.05235;0
HAT-P-7 b;1741;1431;2.204735471;0.0379;0
HAT-P-8 b;1.34;1.5;3.0763402;0.0449;0
HAT-P-9 b;0.67;1.4;3.922814;53;0
HATS-1 b;1855;1302;3.446459;0.0444;0.12
HATS-10 b;526;969;3.312846;0.0449;0.5
HATS-13 b;543;1212;3.0440499;0.04057;0.18
HATS-14 b;1071;1039;2.7667641;0.03815;0.142
HATS-2 b;1345;1168;1.354133;23;0
HATS-3 b;1071;1381;3.547851;0.0485;-1
HATS-4 b;1323;1.02;2.516729;0.0362;0.013
HATS-5 b;237;912;4.763387;0.0542;0.019
HATS-6 b;319;998;3.3252725;0.03623;-1
HATS-8 b;138;873;3.583893;0.04667;0.38
HATS-9 b;837;1065;1.9153073;0.03048;0.129
HD 100655 b;1.7;-1;157.57;0.76;0.085
HD 100777 b;1.16;-1;383.7;1.03;0.36
HD 10180 c;0.041217;-1;5.75979;0.0641;0.045
HD 10180 d;0.03696945;-1;16.3579;0.1286;0.088
HD 10180 e;0.07897304;-1;49745;0.2699;0.026
HD 10180 f;0.07519743;-1;122.76;0.4929;0.135
HD 10180 g;0.06733159;-1;601.2;1422;0.19
HD 10180 h;0.202624;-1;2222;3.4;0.08
HD 101930 b;0.3;-1;70.46;302;0.11
HD 102117 b;172;-1;20.67;0.1532;0.106
HD 102195 b;0.45;-1;4.113775;49;0
HD 102272 b;5.9;-1;127.58;614;0.05
HD 102272 c;2.6;-1;520;1.57;0.68
HD 102329 b;5.9;-1;778.1;2.01;0.211
HD 102365 b;0.05;-1;122.1;0.46;0.34
HD 102956 b;0.96;-1;6495;81;0.048
HD 103197 b;98;-1;47.84;249;0
HD 103720 b;0.62;-1;4.5557;0.0498;0.086
HD 103774 b;367;-1;5.8881;0.07;0.09
HD 104067 b;186;-1;55806;0.2643;0
HD 104985 b;6.3;-1;198.2;0.78;0.03
HD 106252 b;7.56;-1;1600;2.7;0.47
HD 106270 b;11;-1;2890;4.3;0.402
HD 10647 b;0.93;-1;1003;2.03;0.1
HD 106515A b;9.61;-1;3630;4.59;0.572
HD 106906 b;11;-1;-1;654;-1
HD 10697 b;6.38;-1;1076.4;2.16;0.1
HD 107148 b;0.21;-1;48056;269;0.05
HD 108147 b;261;-1;10.8985;102;0.53
HD 108341 b;3.5;-1;1129;2;0.85
HD 108863 b;2.6;-1;443.4;1.4;0.1
HD 108874 b;1.36;-1;395.4;1051;0.07
HD 108874 c;1018;-1;1605.8;2.68;0.25
HD 109246 b;0.77;-1;68.27;0.33;0.12
HD 109271 b;54;-1;7.8543;79;0.25
HD 109271 c;76;-1;30.93;196;0.15
HD 109749 b;0.28;0.99;5.23921;0.0635;0.0451
HD 110014 b;11.09;-1;835477;2.14;0.462
HD 111232 b;6.8;-1;1143;1.97;0.2
HD 113337 b;2.83;-1;324;0.92;0.46
HD 113538 b;0.36;-1;663.2;1.24;0.14
HD 113538 c;0.93;-1;1818;2.44;0.2
HD 114386 b;1.24;-1;937;1.02;0.23
HD 114386 c;1.19;-1;1046;-1;0.06
HD 114613 b;0.48;-1;3827;5.16;0.25
HD 114729 b;0.84;-1;1135;2.08;0.32
HD 114762 b;10.98;-1;83.9151;353;0.3354
HD 114783 b;1;-1;501;1.2;0.1
HD 11506 b;3.44;-1;1270;2.43;0.22
HD 11506 c;0.82;-1;170.46;639;0.42
HD 116029 b;2.1;-1;670.2;1.73;0.21
HD 117207 b;2.06;-1;2627.08;3.78;0.16
HD 11755 b;6.5;-1;433.7;1.08;0.19
HD 117618 b;178;-1;25827;176;0.42
HD 117618 c;0.2;-1;318;0.93;0
HD 118203 b;2.14;1.05;6.13322;0.07;0.2943
HD 11964 b;622;-1;1945;3.16;0.041
HD 11964 c;79;-1;37.91;229;0.3
HD 11977 b;6.54;-1;711;1.93;0.4
HD 120084 b;4.5;-1;2082;4.3;0.66
HD 121504 b;1.22;-1;63.33;0.33;0.03
HD 122430 b;3.71;-1;344.95;1.02;0.68
HD 125595 b;42;-1;9.6737;0.0809;0
HD 125612 b;3;-1;502;1.37;0.46
HD 125612 c;58;-1;4.1547;0.05;0.27
HD 125612 d;7.2;-1;3008;4.2;0.28
HD 12648 b;2.9;-1;133.6;0.54;0.04
HD 126525 b;224;-1;948.12;1.8105;0.13
HD 12661 b;2.3;-1;263.6;0.83;0.377
HD 12661 c;1.57;-1;1708;2.56;0.031
HD 126614 b;0.38;-1;1244;2.35;0.41
HD 128311 b;2.18;-1;448.6;1099;0.25
HD 128311 c;3.21;-1;919;1.76;0.17
HD 129445 b;1.6;-1;1840;2.9;0.7
HD 130322 b;1.02;-1;10.72;88;0.044
HD 131496 b;2.2;-1;883;2.09;0.163
HD 13189 b;14;-1;471.6;1.85;0.27
HD 132406 b;5.61;-1;974;1.98;0.34
HD 132563B b;1.49;-1;1544;2.62;0.22
HD 134060 b;0.0351;-1;3.27;0.0444;0.4
HD 134060 c;0.1507;-1;1160.9;2.2263;0.75
HD 134606 b;0.0292;-1;12083;0.1023;0.15
HD 134606 c;0.0382;-1;59519;0.2962;0.29
HD 134606 d;121;-1;459.26;1.1567;0.46
HD 134987 b;1.59;-1;258.19;0.81;0.233
HD 134987 c;0.82;-1;5000;5.8;0.12
HD 136352 b;0.0166;-1;11577;0.0933;0.18
HD 136352 c;0.0358;-1;27582;0.1665;0.16
HD 136352 d;0.03;-1;106.72;411;0.43
HD 136418 b;2;-1;464.3;1.32;0.255
HD 137388 b;223;-1;330;0.89;0.36
HD 13808 b;0.0325;-1;14182;0.1017;0.17
HD 13808 c;36;-1;53832;0.2476;0.43
HD 13908 b;865;-1;19382;154;0.046
HD 13908 c;5.13;-1;931;2.03;0.12
HD 13931 b;1.88;-1;4218;5.15;0.02
HD 139357 b;9.76;-1;1125.7;2.36;0.1
HD 14067 b;7.8;-1;1455;3.4;0.533
HD 141399 b;0.46;-1;94.35;0.4225;0.04
HD 141399 c;1.36;-1;202.08;0.7023;0.05
HD 141399 d;1.22;-1;1070.35;2.1348;0.06
HD 141399 e;0.69;-1;3717.35;4.8968;0
HD 141937 b;9.7;-1;653.22;1.52;0.41
HD 142 b;1.25;-1;349.7;1.02;0.17
HD 142 c;5.3;-1;6005;6.8;0.21
HD 142022 A b;5.1;-1;1928;3.03;0.53
HD 142245 b;1.9;-1;1299;2.77;0.32
HD 142415 b;1.62;-1;386.3;1.05;0.5
HD 143361 b;3.12;-1;1057;2;0.15
HD 145377 b;5.76;-1;103.95;0.45;0.307
HD 145457 b;2.9;-1;176.3;0.76;0.112
HD 145934 b;2.28;-1;2730;4.6;0.053
HD 1461 b;0.0203;-1;5.77152;0.0634;0
HD 1461 c;0.0176;-1;13.5052;0.1117;0
HD 147018 b;2.12;-1;44236;0.2388;0.4686
HD 147018 c;6.56;-1;1008;1922;0.133
HD 147513 b;1.21;-1;528.4;1.32;0.26
HD 148156 b;0.85;-1;1010;2.45;0.52
HD 148427 b;0.96;-1;331.5;0.93;0.16
HD 149026 b;356;718;2.8758916;0.04288;0
HD 149143 b;1.33;1.05;4.07206;52;0.0123
HD 1502 b;3.1;-1;431.8;1.31;0.101
HD 150433 b;168;-1;1096.2;1.9303;0
HD 150706 b;2.71;-1;5894;6.7;0.38
HD 152079 b;3;-1;2097;3.2;0.6
HD 152581 b;1.5;-1;689;1.48;0.22
HD 153950 b;2.73;-1;499.4;1.28;0.34
HD 154088 b;0.0193;-1;18596;0.1316;0.38
HD 154345 b;1;-1;3538;4.3;0.26
HD 154672 b;5.02;-1;163.91;0.6;0.61
HD 154857 b;2.24;-1;408.6;1291;0.46
HD 154857 c;2.58;-1;3452;5.36;0.06
HD 155233 b;2;-1;885;2.07;0.03
HD 155358 b;0.85;-1;194.3;0.64;0.17
HD 155358 c;0.82;-1;391.9;1.02;0.16
HD 156279 b;9.71;-1;131.05;495;0.708
HD 156411 b;0.74;-1;842.2;1.88;0.22
HD 156668 b;0.0131;-1;4646;0.05;0
HD 157172 b;0.12;-1;104.84;416;0.46
HD 158038 b;1.8;-1;521;1.52;0.291
HD 159243 b;1.13;-1;12.62;0.11;0.02
HD 159243 c;1.9;-1;248.4;0.8;0.075
HD 159868 b;2.1;-1;1178.4;2.25;0.01
HD 159868 c;0.73;-1;352.3;1;0.15
HD 1605 b;0.96;-1;577.9;1.48;0.078
HD 1605 c;3.48;-1;2111;3.52;0.098
HD 16141 b;215;-1;75.82;0.35;0.28
HD 16175 b;4.4;-1;990;2.1;0.59
HD 162020 b;14.4;-1;8.428198;74;0.277
HD 163607 b;0.77;-1;75229;0.36;0.73
HD 163607 c;2.29;-1;1314;2.42;0.12
HD 16417 b;69;-1;17.24;0.14;0.2
HD 164509 b;0.48;-1;282.4;875;0.26
HD 164595 b;0.0516;-1;40;0.23;0.088
HD 164604 b;2.7;-1;606.4;1.13;0.24
HD 164922 b;0.36;-1;1155;2.11;0.05
HD 1666 b;6.43;-1;270;0.94;0.63
HD 166724 b;3.53;-1;8100;5.42;0.734
HD 167042 b;1.6;-1;416.1;1.3;0.03
HD 168443 b;7659;-1;58.11247;0.2931;0.52883
HD 168443 c;17193;-1;1749.83;2.8373;0.2113
HD 168746 b;0.23;-1;6403;65;0.081
HD 1690 b;6.1;-1;533;1.3;0.64
HD 169830 b;2.88;-1;225.62;0.81;0.31
HD 169830 c;4.04;-1;2102;3.6;0.33
HD 170469 b;0.67;-1;1145;2.24;0.11
HD 17092 b;4.6;-1;359.9;1.29;0.166
HD 171028 b;1.98;-1;550;1.32;0.59
HD 171238 b;2.6;-1;1523;2.54;0.4
HD 17156 b;3191;1095;21.2163979;0.1623;0.6768
HD 173416 b;2.7;-1;323.6;1.16;0.21
HD 175167 b;7.8;-1;1290;2.4;0.54
HD 175541 b;0.61;-1;297.3;1.03;0.33
HD 176051 b;1.5;-1;1016;1.76;0
HD 177830 b;1.49;-1;406.6;1.2218;0.0009
HD 177830 c;0.15;-1;110.9;0.5137;0.3495
HD 178911 B b;6292;-1;71487;0.32;0.1243
HD 179079 b;0.08;-1;14476;0.11;0.115
HD 179949 b;0.92;1.05;3.0925;45;0.0104
HD 180314 b;22;-1;396.03;1.4;0.257
HD 180902 b;1.6;-1;479;1.39;0.09
HD 181342 b;3.3;-1;663;1.78;0.177
HD 181433 b;0.0238;-1;9.3743;0.08;0.396
HD 181433 c;0.64;-1;962;1.76;0.28
HD 181433 d;0.54;-1;2172;3;0.48
HD 181720 b;0.37;-1;956;1.78;0.26
HD 183263 b;3.67;-1;626.5;1.51;0.357
HD 183263 c;3.82;-1;2950;4.25;0.253
HD 185269 b;0.94;-1;6838;77;0.3
HD 187085 b;0.75;-1;986;2.05;0.47
HD 187123 b;0.52;-1;3.0965828;0.0426;0.01
HD 187123 c;1.99;-1;3810;4.89;0.252
HD 18742 b;2.7;-1;772;1.92;0.23
HD 188015 b;1.26;-1;456.46;1.19;0.15
HD 189567 b;0.0316;-1;14275;0.1099;0.23
HD 189733 b;1138;1138;2.21857312;0.03142;0.0041
HD 190360 b;1495;-1;2867.9;3.92;0.343
HD 190360 c;0.06381;-1;17.1186;128;0.107
HD 190647 b;1.9;-1;1038.1;2.07;0.18
HD 190984 b;3.1;-1;4885;5.5;0.57
HD 192263 b;733;-1;24.3587;0.15312;0.008
HD 192310 c;75;-1;525.8;1.18;0.32
HD 192699 b;2.5;-1;351.5;1.16;0.149
HD 195019 b;3.7;-1;18.20163;0.1388;0.014
HD 196050 b;2.83;-1;1316.24;2.47;0.21
HD 196067 b;6.9;-1;3638;5.02;0.66
HD 196885 A b;2.98;-1;1326;2.6;0.48
HD 197037 b;0.79;-1;1035.7;2.07;0.22
HD 19994 b;1.68;-1;535.7;1.42;0.3
HD 20003 b;0.0378;-1;11849;0.0974;0.4
HD 20003 c;0.0422;-1;33823;0.1961;0.16
HD 200964 b;1.85;-1;613.8;1601;0.04
HD 200964 c;895;-1;825;1.95;0.181
HD 202206 b;17.4;-1;255.87;0.83;0.435
HD 202206 c;2.44;-1;1383.4;2.55;0.267
HD 20367 b;1.07;-1;500;1.25;0.23
HD 2039 b;4.9;-1;1183;2.2;0.67
HD 204313 b;4.28;-1;2024.1;3167;0.0946
HD 204313 c;0.0553;-1;34905;0.2099;0.155
HD 204313 d;1.68;-1;2831.6;3.93;0.28
HD 204941 b;266;-1;1733;2.56;0.37
HD 205739 b;1.37;-1;279.8;896;0.27
HD 206610 b;2.2;-1;610;1.68;0.229
HD 20781 b;0.0379;-1;29.15;169;0.11
HD 20781 c;0.0496;-1;85131;0.3456;0.28
HD 20782 b;1.9;-1;591.9;1381;0.97
HD 207832 b;0.56;-1;161.97;0.57;0.13
HD 207832 c;0.73;-1;1155.7;2112;0.27
HD 20794 b;0.0085;-1;18315;0.1207;0
HD 20794 c;0.0076;-1;40114;0.2036;0
HD 20794 d;15;-1;90309;0.3499;0
HD 208487 b;413;-1;129.8;0.51;0.21
HD 208527 b;9.9;-1;875.5;2.1;0.08
HD 20868 b;1.99;-1;380.85;947;0.75
HD 209458 b;0.69;1.38;3.52472;0.04747;0.0082
HD 210277 b;1.23;-1;442.1;1.1;0.472
HD 210702 b;1.9;-1;354.8;1.2;0.152
HD 211847 b;19.2;-1;7930;7.5;0.685
HD 212301 b;0.4;1.07;2.245715;36;0.0147
HD 212771 b;2.3;-1;373.3;1.22;0.111
HD 213240 b;4.5;-1;951;2.03;0.45
HD 215152 b;0.0087;-1;7.2825;0.0652;0.34
HD 215152 c;0.0097;-1;10866;0.0852;0.38
HD 215456 b;101;-1;191.99;652;0.15
HD 215456 c;246;-1;2277;3394;0.19
HD 215497 b;0.02;-1;3.93404;47;0.16
HD 215497 c;0.33;-1;567.94;1282;0.49
HD 216435 b;1.26;-1;1311;2.56;0.07
HD 216437 b;1.82;-1;1256;2.32;0.29
HD 216536 b;1.47;-1;148.6;609;0.38
HD 216770 b;0.65;-1;118.45;0.46;0.37
HD 21693 b;0.0322;-1;22656;0.1484;0.26
HD 21693 c;0.06472;-1;53881;0.2644;0.24
HD 217107 b;1.33;-1;7.12689;73;0.132
HD 217107 c;2.49;-1;4210;5.27;0.517
HD 217786 b;13;-1;1319;2.38;0.4
HD 218566 b;0.21;-1;225.7;0.6873;0.3
HD 219077 b;10.39;-1;5501;6.22;0.77
HD 219134 b;12;0.1433;3.0931;0.038474;0
HD 219134 c;11;-1;6.7635;0.064816;0
HD 219134 d;67;-1;46.71;0.23508;0
HD 219134 f;28;-1;22805;0.14574;0
HD 219134 g;34;-1;94.2;0.3753;0
HD 219134 h;0.34;-1;2247;3.11;0.06
HD 219415 b;1;-1;2093.3;3.2;-1
HD 219828 b;85;-1;3.8335;52;0
HD 220074 b;11.1;-1;672.1;1.6;0.14
HD 220689 b;1.06;-1;2209;3.36;0.16
HD 220773 b;1.45;-1;3724.7;4.94;0.51
HD 221287 b;3.09;-1;456.1;1.25;0.08
HD 222155 b;1.9;-1;3999;5.1;0.16
HD 222582 b;7.75;-1;572.38;1.35;0.725
HD 224693 b;0.71;-1;26.73;233;0.05
HD 22781 b;13.65;-1;528.07;1167;0.8191
HD 23079 b;2.5;-1;626;1.5;0.02
HD 23127 b;1.5;-1;1214;2.4;0.44
HD 231701 b;1.08;-1;141.6;0.53;0.1
HD 233604 b;6575;-1;192;747;0.05
HD 23596 b;8.1;-1;1565;2.88;0.292
HD 240210 b;6.9;-1;501.75;1.33;0.15
HD 240237 b;5.3;-1;745.7;1.9;0.4
HD 24040 b;4.01;-1;3668;4.92;0.04
HD 24064 b;9.4;-1;555.6;1.29;0.35
HD 25171 b;0.95;-1;1845;3.02;0.08
HD 2638 b;0.48;1.04;3.43752;44;0.0407
HD 27442 b;1.35;-1;415.2;1.16;0.058
HD 27631 b;1.45;-1;2208;3.25;0.12
HD 27894 b;0.62;-1;17991;122;0.049
HD 28185 b;5.7;-1;383;1.03;0.07
HD 28254 b;1.16;-1;1116;2.15;0.81
HD 284149 b;32;-1;-1;400;-1
HD 285507 b;917;-1;6.0881;0.0729;0.086
HD 28678 b;1.7;-1;387.1;1.24;0.168
HD 290327 b;2.54;-1;2443;3.43;0.08
HD 2952 b;1.6;-1;311.6;1.2;0.129
HD 30177 b;7.7;-1;1620;2.6;0.22
HD 30562 b;1.29;-1;1157;2.3;0.76
HD 30669 b;0.47;-1;1684;2.69;0.18
HD 30856 b;1.8;-1;912;2;0.24
HD 31253 b;0.5;-1;466;1.26;0.3
HD 31527 b;0.0363;-1;16546;0.1253;0.13
HD 31527 c;0.0498;-1;51284;0.2665;0.11
HD 31527 d;0.0519;-1;274.49;0.8181;0.38
HD 32518 b;3.04;-1;157.54;0.59;0.01
HD 330075 b;0.62;1.06;3.6413;39;0.0187
HD 33142 b;1.3;-1;326.6;1.06;0.22
HD 33283 b;0.33;0.99;18.1801;168;0.458
HD 33564 b;9.1;-1;388;1.1;0.34
HD 34445 b;0.79;-1;1049;2.07;0.27
HD 3651 b;0.2;-1;62.23;284;0.63
HD 3651 c;0.09;-1;31;186;0.04
HD 37124 b;675;-1;154378;0.53364;0.054
HD 37124 c;652;-1;885.5;1.71;0.125
HD 37124 d;696;-1;1862;2807;0.16
HD 37605 b;2813;-1;55.01307;0.2837;0.6767
HD 37605 c;3366;-1;2720;3814;0.013
HD 38283 b;0.34;-1;363.2;1.02;0.41
HD 38529 b;0.78;-1;14.3104;131;0.248
HD 38529 c;17.7;-1;2134.76;3695;0.36
HD 38801 b;10.7;-1;696.3;1.7;0
HD 38858 b;0.0961;-1;407.15;1.0376;0.27
HD 39091 b;10.3;-1;2049;3.28;0.61
HD 39194 b;0.0117;-1;5.6363;0.0519;0.2
HD 39194 c;0.0187;-1;14025;0.0954;0.11
HD 39194 d;0.0162;-1;33941;172;0.2
HD 40307 b;12;-1;4.3115;0.0475;0.2
HD 40307 c;6.43;-1;9.6207;0.0812;0.06
HD 40307 d;0.0275;-1;20.4184;134;0.07
HD 40307 e;11;-1;34.62;0.1886;0.15
HD 40307 f;0.0114;-1;51.56;0.2485;0.02
HD 40307 g;0.0223;-1;197.8;0.6;0.29
HD 40979 b;3.28;-1;263.1;0.83;0.25
HD 41004 A b;2.54;-1;963;1.64;0.39
HD 41004 B b;18.4;1.06;1.32363;0.0177;0.058
HD 4113 b;1.56;-1;526.62;1.28;0.903
HD 4203 b;1.82;-1;437.05;1164;0.52
HD 4203 c;2.17;-1;6700;-1;0.24
HD 4208 b;0.8;-1;829;1.7;0.04
HD 4308 b;0.0405;-1;15609;118;0.27
HD 4313 b;2.3;-1;356;1.19;0.041
HD 43197 b;0.6;-1;327.8;0.92;0.83
HD 43691 b;2.49;-1;36.96;0.24;0.14
HD 44219 b;0.58;-1;472.3;1.19;0.61
HD 45184 b;0.04;-1;5.8872;0.0638;0.3
HD 45350 b;1.79;-1;890.76;1.92;0.778
HD 45364 b;0.1872;-1;226.93;0.6813;0.1684
HD 45364 c;0.6579;-1;342.85;0.8972;0.0974
HD 45652 b;0.47;-1;43.6;0.23;0.38
HD 46375 b;0.23;1.02;3.02358;41;0.0524
HD 47186 b;0.07167;-1;4.0845;0.05;0.038
HD 47186 c;0.35061;-1;1353.6;2395;0.249
HD 47536 b;5;-1;430;1.61;0.2
HD 47536 c;7;-1;2500;-1;-1
HD 48265 b;1.16;-1;700;1.51;0.18
HD 49674 b;0.1;0.98;4.94739;58;0.0495
HD 50499 b;1.71;-1;2482.7;3.86;0.23
HD 50554 b;5.16;-1;1293;2.41;0.5
HD 51608 b;0.0413;-1;14.07;0.1059;0.15
HD 51608 c;0.0565;-1;95415;0.3791;0.41
HD 52265 b;1.05;-1;119.6;0.5;0.35
HD 52265 c;0.35;-1;59.9;316;0.05
HD 5319 b;1.94;-1;675;1.75;0.12
HD 5608 b;1.4;-1;792.6;1.9;-1
HD 564 b;0.33;-1;492.3;1.2;0.096
HD 5891 b;7.6;-1;177.11;0.76;0.066
HD 59686 b;5.25;-1;303;911;-1
HD 60532 b;3.15;-1;201.83;0.77;0.278
HD 60532 c;7.46;-1;607.06;1.58;0.038
HD 62509 b;2.9;-1;589.64;1.69;0.02
HD 63454 b;0.39;1.06;2.81747;36;0.0177
HD 63765 b;0.64;-1;358;949;0.24
HD 6434 b;0.39;-1;21998;0.14;0.17
HD 65216 b;1.26;-1;572.4;1.3;0.41
HD 65216 c;0.17;-1;152.6;0.54;0.02
HD 66141 b;6;-1;480.5;1.2;0.07
HD 66428 b;2.82;-1;1973;3.18;0.465
HD 67087 b;3.06;-1;352.2;1.08;0.17
HD 67087 c;4.85;-1;2374;3.86;0.76
HD 6718 b;1.56;-1;2496;3.56;0.1
HD 68988 b;1.9;-1;6276;71;0.14
HD 69830 b;33;-1;8667;0.0785;0.1
HD 69830 c;38;-1;31.56;186;0.13
HD 69830 d;58;-1;197;0.63;0.07
HD 70573 b;6.1;-1;851.8;1.76;0.4
HD 70642 b;2;-1;2231;3.3;0.1
HD 7199 b;0.29;-1;615;1.36;0.19
HD 72659 b;3.15;-1;3658;4.74;0.22
HD 73256 b;1.87;-1;2.54858;37;0.029
HD 73267 b;3.06;-1;1260;2198;0.256
HD 73526 b;2.9;-1;188.3;0.66;0.19
HD 73526 c;2.5;-1;377.8;1.05;0.14
HD 73534 b;1.15;-1;1800;3.15;0.046
HD 74156 b;1.88;-1;51.65;294;0.64
HD 74156 c;8.03;-1;2476;3.4;0.43
HD 7449 b;1.11;-1;1275;2.3;0.82
HD 7449 c;2;-1;4046;4.96;0.53
HD 75289 b;0.47;1.03;3.50928;46;0.0211
HD 75898 b;2.51;-1;418.2;1.19;0.1
HD 76700 b;0.23;0.99;3.97101;49;0.0616
HD 77338 b;0.5;-1;5.7561;0.0614;-1
HD 7924 b;0.0273;1.05;5.39792;0.05664;0.058
HD 7924 c;0.0247;-1;15299;0.1134;0.098
HD 7924 d;0.0203;-1;24451;0.1551;0.21
HD 79498 b;1.34;-1;1966;3.13;0.59
HD 80606 b;3.94;921;111.43637;449;0.93366
HD 81040 b;6.86;-1;1001.7;1.94;0.526
HD 81688 b;2.7;-1;184.02;0.81;0
HD 82886 b;1.3;-1;705;1.65;0.27
HD 82943 b;4.8;-1;442.4;1.19;0.203
HD 82943 c;4.78;-1;219.3;746;0.425
HD 82943 d;0.29;-1;1078;2145;0
HD 83443 b;0.4;1.04;2.98572;0.0406;0.007
HD 8535 b;0.68;-1;1313;2.45;0.15
HD 85390 b;132;-1;788;1.52;0.41
HD 85390 c;0.2;-1;3700;4.23;0
HD 85512 b;11;-1;58.43;0.26;0.11
HD 8574 b;2.11;-1;227.55;0.77;0.288
HD 86081 b;1.5;1.08;1.99809;39;0.0575
HD 86226 b;1.5;-1;1534;2.6;0.73
HD 86264 b;7;-1;1475;2.86;0.7
HD 8673 b;14.2;-1;1634;3.02;0.723
HD 87883 b;12.1;-1;2754;3.6;0.53
HD 88133 b;0.3;1;3.41566;47;0.0761
HD 89307 b;2;-1;2199;3.34;0.25
HD 89744 b;7.2;-1;256;0.88;0.7
HD 89744 c;3.2;-1;85.2;0.44;0
HD 90156 b;57;-1;49.77;0.25;0.31
HD 92788 b;3.86;-1;325.81;0.97;0.334
HD 92788 c;0.9;-1;162;0.6;0.04
HD 93083 b;0.37;-1;143.58;477;0.14
HD 93385 b;0.0263;-1;13186;0.1116;0.15
HD 93385 c;0.0318;-1;46025;257;0.24
HD 9446 b;0.7;-1;30052;189;0.2
HD 9446 c;1.82;-1;192.9;654;0.06
HD 95086 b;5;-1;-1;61.5;-1
HD 95089 b;1.2;-1;507;1.51;0.157
HD 95127 b;5.01;-1;482;1.28;0.11
HD 9578 b;0.62;-1;494;-1;-1
HD 96063 b;0.9;-1;361.1;0.99;0.28
HD 96127 b;4;-1;647.3;1.4;0.3
HD 96167 b;0.68;-1;498.9;1.3;0.71
HD 96700 b;0.0284;-1;8.1256;0.0774;0.1
HD 96700 c;0.04;-1;103.49;422;0.37
HD 97658 b;0.0237548375;0.2004642706;9.4903;0.08;0.078
HD 98219 b;1.8;-1;436.9;1.23;0.21
HD 98649 b;6.8;-1;4951;5.6;0.85
HD 99109 b;502;-1;439.3;1105;0.09
HD 99492 b;109;-1;17.0431;0.1232;0.254
HD 99492 c;0.36;-1;4970;5.4;0.106
HD 99706 b;1.4;-1;868;2.14;0.365
HD169142 b;30;-1;-1;22.7;-1
HIP 105854 b;8.2;-1;184.2;0.81;0.02
HIP 107773 b;1.98;-1;144.3;0.72;0.09
HIP 116454 b;0.03719;226;9.1265;98;0.205
HIP 11915;0.99;-1;3830;4.8;0.1
HIP 12961 b;0.35;-1;57435;0.13;0.16
HIP 14810 b;3.88;-1;6.673855;0.0692;0.1427
HIP 14810 c;1.28;-1;147.73;545;0.164
HIP 14810 d;0.57;-1;962;1.89;0.173
HIP 5158 b;1.44;-1;345.63;0.89;0.54
HIP 5158 c;15.04;-1;9018;7.7;0.14
HIP 57050 b;298;-1;41397;0.163506;0.314
HIP 57274 b;36;-1;8.1352;0.07;0.187
HIP 57274 c;0.41;-1;32.03;178;0.05
HIP 57274 d;527;-1;431.7;1.01;0.27
HIP 63242 b;9.18;-1;124.6;565;0.23
HIP 65891 b;6;-1;1084.5;2.81;0.13
HIP 67851 b;1.38;-1;88.9;0.46;0.05
HIP 67851 c;5.98;-1;2131.8;3.82;0.17
HIP 70849 b;9;-1;10000;10;0.6
HIP 73990 b;21;-1;-1;20;-1
HIP 73990 c;22;-1;-1;32;-1
HIP 74865 b;28;-1;-1;23;-1
HIP 75458 b;8.82;-1;510702;1275;0.713
HIP 77900 b;20;-1;-1;3200;-1
HIP 78530 b;23.04;-1;-1;710;-1
HIP 79431 b;2.1;-1;111.7;0.36;0.29
HIP 91258 b;1068;-1;5.0505;57;0.024
HIP 97233 b;20;-1;1058.8;2.55;0.61
HN Peg b;16;1.1;-1;795;-1
HR 228 b;2.37;-1;360.2;1.19;0.13
HR 228 c;2.37;-1;2732;4.6;0.23
HR 3549 b;47.5;-1;-1;80;-1
HR 810 b;2.26;-1;320.1;925;0.161
HR 8799 b;7;1.2;164250;68;0
HR 8799 c;10;1.3;82145;42.9;0
HR 8799 d;10;1.2;41054;27;0.1
HR 8799 e;9;-1;18000;14.5;-1
HU Aqr(AB) c;5.9;-1;5646;6.18;0.29
HW Vir (AB) b;14.3;-1;4640;4.69;0.4
K2-3  b;-1;191;10.05403;0.0769;-1
K2-3 c;-1;153;24.6454;0.1399;-1
K2-3 d;-1;136;44.5631;0.2076;-1
KELT-1 b;27.38;1116;1.217514;0.02472;0.01
KELT-10 b;679;1399;4.166285;0.0525;-1
KELT-15 b;0.91;1443;3.329441;0.04613;-1
KELT-2A b;1486;1306;4.1137914;0.05498;0.185
KELT-3 b;1418;1333;2.7033902;0.04117;0
KELT-6 b;442;1.18;7.845582;0.08;0.029
KELT-6 c;3.71;-1;1276;2.39;0.21
KELT-7 b;1.28;1533;2.7347749;0.04415;-1
KELT-8 b;867;1.86;3.24406;0.04571;0.035
KIC 10001893 b;-1;-1;0.2197;-1;-1
KIC 10001893 d;-1;-1;0.81161;-1;-1
KIC 10255705 b;-1;0.65;707.3793;1.6;0
KIC 10905746 b;-1;237;9.8844;0.0751;-1
KIC 11152511 b;-1;0.36;287363;0.85;0.67
KIC 12454613 b;-1;228;736.3819;1.54;0.16
KIC 12557548 b;3;0.0758320561;0.653553;13;-1
KIC 5094412 b;-1;0.51;276.88;0.78;0
KIC 5732155 b;-1;1.14;644.1685;1.52;0
KIC 6185331 b;-1;0.72;49.76971;0.2672;-1
KIC 6372194 b;-1;0.74;281.5848;0.78;0.65
KIC 6436029 b;-1;274;505.45;1.15;0
KIC 9632895 (AB) b;0.03;0.55;240503;-1;-1
KIC 9704149 b;-1;0.4;697.0159;1.46;0.29
KIC-8552719 b;-1;315;88.4075;0.19757;-1
KMT-2015-1 b;2.2;-1;-1;0.76;-1
KOI-1089.02;0.64;625;12.21826;-1;0.5
KOI-1257 A b;1.45;0.94;86.647661;382;0.772
KOI-1299 c;2.63;-1;411;1188;0.64
KOI-1781 b;-1;168;3.00516;38;0
KOI-1843 b;1;52;0.1768913;-1;-1
KOI-188 b;0.25;978;3.79701816;0.0464;0.33
KOI-192 b;0.29;1.23;-1;91;0.57
KOI-195 b;0.34;1.09;3.21751883;0.0414;0.18
KOI-206 b;2.9;0.7;5.33;59;-1
KOI-2138 b;-1;0.19;23.5541;0.21;-1
KOI-2700 b;0.002705849;0.0945670346;0.910022;-1;-1
KOI-368.01;-1;1.83;110.3216;581;-1
KOI-372 b;3.25;882;125.63243;0.4937;0.172
KOI-372 c;0.1348;-1;457.57;-1;0.244
KOI-4427.01;-1;164;147.6606;419;0.02
KOI-620.02;0.0239121543;0.8653775812;130194;509;0.008
KOI-680 b;0.62;0.65;8.6;0.08;-1
KOI-830 b;1.27;1.08;3.52563254;0.0433;0.22
KOI-89 b;-1;0.45;84.69;-1;0.056
KOI-89 c;-1;0.43;207.58;-1;0.5
Kapteyn's b;0.0151024132;-1;48616;168;0.21
Kapteyn's c;0.0220243526;-1;121.54;311;0.23
Kepler-10 b;0.0104772992;0.1311448499;0.8374907;0.01685;0
Kepler-10 c;0.0541169808;0.2096533315;45.294301;241;0
Kepler-100 b;0.0231;0.1164;6.887037;-1;0.13
Kepler-100 c;0.0027;0.1981;12.815909;-1;0.02
Kepler-100 d;0.0094;0.1351;35.33313;-1;0.38
Kepler-101 b;-1;524;3.487691;48;-1
Kepler-101 c;-1;119;6.029809;68;-1
Kepler-102 b;0.0220243526;196;16.14569;117;0
Kepler-102 c;0.0094390083;0.1195470061;10.3117732;86;-1
Kepler-102 d;0.0125853444;0.0615577867;7.07134;67;-1
Kepler-103 b;31;0.3101;15.965316;-1;0.03
Kepler-103 c;114;0.4745;179.6133;-1;0.02
Kepler-104 b;-1;277;11.427548;94;-1
Kepler-104 c;-1;279;23.668205;153;-1
Kepler-104 d;-1;319;51.755394;257;-1
Kepler-105 c;-1;144;7.125939;72;-1
Kepler-106 b;0.00047;73;6.16486;-1;-1
Kepler-106 c;0.03285;223;13.5708;-1;-1
Kepler-106 d;25;85;23.9802;-1;-1
Kepler-106 e;0.03514;228;43.8445;-1;-1
Kepler-107 b;-1;139;3.179997;44;-1
Kepler-107 c;-1;161;4.901425;59;-1
Kepler-107 d;-1;95;7.958203;82;-1
Kepler-107 e;-1;308;14.749049;123;-1
Kepler-108 b;-1;772;49.183921;292;-1
Kepler-108 c;-1;0.73;190.323494;721;-1
Kepler-109 b;0.0041;0.2086;6.481637;-1;0.21
Kepler-109 c;0.00698;235;21.22262;-1;0.03
Kepler-11 b;0.0059780386;0.1605855305;10.30375;91;0
Kepler-11 c;0.0091243747;0.256044707;13.02502;106;0
Kepler-11 d;0.0229682535;0.2783482529;22.68719;159;0
Kepler-11 e;0.03;374;31.9959;194;0
Kepler-11 f;0.0062926722;0.2221433172;46.68876;0.25;0
Kepler-11 g;0.95;0.3274;118.37774;462;0
Kepler-110 b;-1;163;12.691112;107;-1
Kepler-110 c;-1;197;31.719775;198;-1
Kepler-111 b;-1;141;3.341815;46;-1
Kepler-111 c;-1;651;224.784608;761;-1
Kepler-112 b;-1;211;8.408878;76;-1
Kepler-112 c;-1;214;28.574263;172;-1
Kepler-113 b;0.0368;162;4754;-1;-1
Kepler-113 c;27;194;8.92507;-1;-1
Kepler-114 b;0.0220243526;0.1052727367;5.188548;52;-1
Kepler-114 c;0.1258534437;143;8041;0.07;-1
Kepler-114 d;0.0151;226;11776;0.09;-1
Kepler-115 b;-1;97;2.403679;36;-1
Kepler-115 c;-1;232;8.990889;87;-1
Kepler-116 b;-1;305;5.968734;69;-1
Kepler-116 c;-1;205;13.07163;116;-1
Kepler-117 b;-1;697;18.795952;148;-1
Kepler-117 c;-1;1008;50.790412;287;-1
Kepler-118 b;-1;175;7.518496;73;-1
Kepler-118 c;-1;685;20.17202;141;-1
Kepler-119 b;-1;321;2.422082;35;-1
Kepler-119 c;-1;82;4.125103;49;-1
Kepler-12 b;431;1695;4.4379637;0.0556;0.01
Kepler-120 b;-1;192;6.312501;55;-1
Kepler-120 c;-1;136;12.794585;88;-1
Kepler-121 b;-1;209;3.177422;39;-1
Kepler-121 c;-1;203;41.008011;216;-1
Kepler-122 b;-1;209;5.766193;64;-1
Kepler-122 c;-1;524;12.465988;108;-1
Kepler-122 d;-1;196;21.587475;155;-1
Kepler-122 e;-1;232;37.993273;227;-1
Kepler-123 b;-1;262;17.232366;135;-1
Kepler-123 c;-1;132;26.695074;181;-1
Kepler-124 b;-1;65;3.410493;39;-1
Kepler-124 c;-1;156;13.821375;0.1;-1
Kepler-124 d;-1;99;30.950851;0.17;-1
Kepler-125 b;-1;211;4.164389;41;-1
Kepler-125 c;-1;66;5.774464;51;-1
Kepler-126 b;-1;136;10.495711;99;-1
Kepler-126 c;-1;141;21.869741;162;-1
Kepler-126 d;-1;223;100.283134;448;-1
Kepler-127 b;-1;125;14.435889;125;-1
Kepler-127 c;-1;237;29.393195;0.2;-1
Kepler-127 d;-1;236;48.630408;0.28;-1
Kepler-128 b;0.0941;101;15.09;-1;-1
Kepler-128 c;104;101;22804;-1;-1
Kepler-129 b;-1;211;15.79186;131;-1
Kepler-129 c;-1;227;82.20017;393;-1
Kepler-13 b;6.5;1406;1.7633587;-1;-1
Kepler-130 b;-1;91;8.457458;79;-1
Kepler-130 d;-1;146;87.517905;377;-1
Kepler-131 b;0.05075;215;16092;-1;-1
Kepler-131 c;26;75;25516;-1;-1
Kepler-132 b;-1;108;6.178196;67;-1
Kepler-132 c;-1;114;6.414914;68;-1
Kepler-132 d;-1;138;18.010199;136;-1
Kepler-133 b;-1;157;8.129976;83;-1
Kepler-133 c;-1;253;31.517586;204;-1
Kepler-134 b;-1;178;5.317429;0.06;-1
Kepler-134 c;-1;112;10.105785;92;-1
Kepler-135 b;-1;161;6.00253;67;-1
Kepler-135 c;-1;103;11.448708;103;-1
Kepler-136 b;-1;183;11.5789;106;-1
Kepler-136 c;-1;178;16.399235;133;-1
Kepler-137 b;-1;131;8.436387;77;-1
Kepler-137 c;-1;168;18.735753;0.13;-1
Kepler-138 b;0.00021;52;10.31320643;0.0746;0
Kepler-138 c;0.00318;144;13.78164;-1;0.05
Kepler-138 d;0.0031777995;0.1436348356;23.08933;-1;0.024
Kepler-139 b;-1;262;15.771044;127;-1
Kepler-139 c;-1;302;157.072878;586;-1
Kepler-14 b;8.4;1136;6.790123;-1;0.035
Kepler-140 b;-1;144;3.25427;45;-1
Kepler-140 c;-1;161;91.353282;414;-1
Kepler-141 b;-1;62;3.107675;39;-1
Kepler-141 c;-1;126;7.010606;67;-1
Kepler-142 b;-1;178;2.024152;32;-1
Kepler-142 c;-1;255;4.761702;57;-1
Kepler-142 d;-1;193;41.809118;242;-1
Kepler-143 b;-1;215;16.007583;127;-1
Kepler-143 c;-1;301;27.082511;181;-1
Kepler-144 b;-1;119;5.885273;66;-1
Kepler-144 c;-1;0.12;10.104665;94;-1
Kepler-145 b;108;237;22951;-1;-1
Kepler-145 c;234;395;42882;-1;-1
Kepler-146 b;-1;331;31.158799;0.2;-1
Kepler-146 c;-1;279;76.732171;364;-1
Kepler-147 b;-1;136;12.610584;113;-1
Kepler-147 c;-1;217;33.416423;216;-1
Kepler-148 b;-1;161;1.729366;28;-1
Kepler-148 c;-1;321;4.180043;0.05;-1
Kepler-149 b;-1;376;29.198943;184;-1
Kepler-149 c;-1;144;55.328328;281;-1
Kepler-149 d;-1;353;160.018032;571;-1
Kepler-15 b;0.66;0.96;4.942782;0.05714;-1
Kepler-150 b;-1;112;3.428054;44;-1
Kepler-150 c;-1;329;7.381998;73;-1
Kepler-150 d;-1;249;12.56093;104;-1
Kepler-150 e;-1;278;30.826557;189;-1
Kepler-151 b;-1;273;15.228958;116;-1
Kepler-151 c;-1;186;24.674612;0.16;-1
Kepler-152 b;-1;249;18.207973;124;-1
Kepler-152 c;-1;213;88.255055;356;-1
Kepler-153 b;-1;261;18.870227;129;-1
Kepler-153 c;-1;226;46.90232;237;-1
Kepler-154 b;-1;202;33.040532;198;-1
Kepler-154 c;-1;263;62.303276;303;-1
Kepler-155 b;-1;186;5.931194;56;-1
Kepler-155 c;-1;0.2;52.661793;242;-1
Kepler-156 b;-1;205;4.973456;54;-1
Kepler-156 c;-1;227;15.906801;117;-1
Kepler-157 b;-1;118;1.732342;28;-1
Kepler-157 c;-1;0.2;13.5405;0.11;-1
Kepler-158 b;-1;189;16.709184;111;-1
Kepler-158 c;-1;0.17;28.551383;158;-1
Kepler-159 b;-1;212;10.139623;82;-1
Kepler-159 c;-1;304;43.595792;218;-1
Kepler-16 (AB) b;333;0.7538;228776;0.7048;0.00685
Kepler-160 b;-1;137;4.309427;0.05;-1
Kepler-160 c;-1;322;13.699087;109;-1
Kepler-161 b;-1;189;4.921355;54;-1
Kepler-161 c;-1;183;7.06424;68;-1
Kepler-162 b;-1;112;6.919798;69;-1
Kepler-162 c;-1;0.27;19.446355;137;-1
Kepler-163 b;-1;94;7.810937;78;-1
Kepler-163 c;-1;202;21.347262;152;-1
Kepler-164 b;-1;126;5.03503;58;-1
Kepler-164 c;-1;244;10.945723;97;-1
Kepler-164 d;-1;219;28.986769;187;-1
Kepler-165 b;-1;207;8.180848;72;-1
Kepler-165 c;-1;199;15.31299;0.11;-1
Kepler-166 b;-1;203;7.650254;72;-1
Kepler-166 c;-1;212;34.260281;195;-1
Kepler-167 b;-1;129;4.393147;48;-1
Kepler-167 c;-1;122;7.406097;68;-1
Kepler-168 b;-1;0.13;4.425391;56;-1
Kepler-168 c;-1;0.24;13.193242;116;-1
Kepler-169 b;-1;101;3.250619;0.04;-1
Kepler-169 c;-1;108;6.195469;62;-1
Kepler-169 d;-1;112;8.348125;75;-1
Kepler-169 e;-1;196;13.767102;105;-1
Kepler-169 f;-1;0.23;87.090195;359;-1
Kepler-17 b;2.45;1312;1.4857108;0.02591;0.011
Kepler-170 b;-1;285;7.930592;0.08;-1
Kepler-170 c;-1;255;16.665863;131;-1
Kepler-171 b;-1;209;4.166972;0.05;-1
Kepler-171 c;-1;228;11.463462;98;-1
Kepler-171 d;-1;169;39.595519;223;-1
Kepler-172 b;-1;0.21;2.940309;0.04;-1
Kepler-172 c;-1;255;6.388996;68;-1
Kepler-172 d;-1;201;14.627119;118;-1
Kepler-172 e;-1;246;35.118736;211;-1
Kepler-173 b;-1;115;4.263742;48;-1
Kepler-173 c;-1;217;8.005777;74;-1
Kepler-174 b;-1;175;13.98179;0.1;-1
Kepler-174 c;-1;133;44.000529;214;-1
Kepler-174 d;-1;195;247.35373;677;-1
Kepler-175 b;-1;228;11.903515;105;-1
Kepler-175 c;-1;277;34.035257;213;-1
Kepler-176 b;-1;128;5.433074;58;-1
Kepler-176 c;-1;232;12.759712;102;-1
Kepler-176 d;-1;224;25.751974;163;-1
Kepler-177 b;0.00535;259;35855;-1;-1
Kepler-177 c;0.0198;635;49412;-1;-1
Kepler-178 b;-1;259;9.576694;85;-1
Kepler-178 c;-1;257;20.552802;142;-1
Kepler-178 d;-1;352;96.678988;397;-1
Kepler-179 b;-1;146;2.735926;36;-1
Kepler-179 c;-1;178;6.40013;64;-1
Kepler-18 b;0.0216153289;0.1784283673;3.504725;0.0447;-1
Kepler-18 c;0.0541169808;0.4888937263;7.64159;0.0752;-1
Kepler-18 d;0.0512852783;0.6218228599;14.85888;0.1172;-1
Kepler-180 b;-1;134;13.817124;109;-1
Kepler-180 c;-1;269;41.885775;229;-1
Kepler-181 b;-1;113;3.137873;0.04;-1
Kepler-181 c;-1;178;4.302149;49;-1
Kepler-182 b;-1;0.23;9.825792;96;-1
Kepler-182 c;-1;306;20.684342;157;-1
Kepler-183 b;-1;184;5.687945;64;-1
Kepler-183 c;-1;203;11.637071;103;-1
Kepler-184 b;-1;211;10.687576;92;-1
Kepler-184 c;-1;176;20.303005;141;-1
Kepler-184 d;-1;222;29.022358;179;-1
Kepler-185 b;-1;104;1.6329;26;-1
Kepler-185 c;-1;0.18;20.729042;139;-1
Kepler-186 b;-1;102;3.886803;0.04;-1
Kepler-186 c;-1;0.12;7.267277;61;-1
Kepler-186 d;-1;139;13.343058;91;-1
Kepler-186 e;-1;119;22.407793;129;-1
Kepler-186 f;-1;0.0990277438;129.9459;356;-1
Kepler-187 b;-1;126;4.938864;59;-1
Kepler-187 c;-1;238;10.640263;99;-1
Kepler-188 b;-1;0.15;2.061897;32;-1
Kepler-188 c;-1;285;5.996553;66;-1
Kepler-189 b;-1;108;10.399931;88;-1
Kepler-189 c;-1;212;20.134866;137;-1
Kepler-19 b;64;198;9.2869944;85;-1
Kepler-190 b;-1;139;2.019999;0.03;-1
Kepler-190 c;-1;0.13;3.763024;45;-1
Kepler-191 b;-1;0.12;9.939632;87;-1
Kepler-191 c;-1;166;17.738506;128;-1
Kepler-192 b;-1;244;9.926746;0.09;-1
Kepler-192 c;-1;249;21.2234;0.15;-1
Kepler-193 b;-1;213;11.38848;106;-1
Kepler-193 c;-1;245;50.697494;286;-1
Kepler-194 b;-1;135;2.092281;32;-1
Kepler-194 c;-1;231;17.308032;131;-1
Kepler-194 d;-1;214;52.814973;275;-1
Kepler-195 b;-1;181;8.307872;77;-1
Kepler-195 c;-1;138;34.096863;197;-1
Kepler-196 b;-1;0.17;20.739886;138;-1
Kepler-196 c;-1;0.2;47.427737;0.24;-1
Kepler-197 b;-1;91;5.599308;0.06;-1
Kepler-197 c;-1;0.11;10.349695;0.09;-1
Kepler-197 d;-1;109;15.677563;119;-1
Kepler-197 e;-1;81;25.209715;164;-1
Kepler-198 b;-1;252;17.790037;131;-1
Kepler-198 c;-1;0.22;49.567416;259;-1
Kepler-199 b;-1;277;23.637604;158;-1
Kepler-199 c;-1;0.29;67.093408;316;-1
Kepler-20 b;0.02658654;0.1695069489;3.6961219;0.04537;0.32
Kepler-20 c;0.0493974766;0.2729954019;10.854092;93;0.4
Kepler-20 d;0.06;0.25;77.61185;0.3453;0.6
Kepler-20 e;0.0097;78;6.098493;0.0507;-1
Kepler-20 f;45;0.09;19.57706;0.11;-1
Kepler-200 b;-1;0.19;8.594805;0.08;-1
Kepler-200 c;-1;142;10.222157;0.09;-1
Kepler-201 b;-1;219;25.672083;175;-1
Kepler-201 c;-1;254;151.884058;573;-1
Kepler-202 b;-1;145;4.069427;45;-1
Kepler-202 c;-1;165;16.282493;113;-1
Kepler-203 b;-1;229;3.162697;43;-1
Kepler-203 c;-1;0.22;5.370647;61;-1
Kepler-203 d;-1;128;11.32972;0.1;-1
Kepler-204 b;-1;226;14.400974;117;-1
Kepler-204 c;-1;0.16;25.660593;173;-1
Kepler-205 b;-1;135;2.75564;32;-1
Kepler-205 c;-1;146;20.306546;122;-1
Kepler-206 b;-1;107;7.781987;78;-1
Kepler-206 c;-1;158;13.137471;111;-1
Kepler-206 d;-1;106;23.44281;163;-1
Kepler-207 b;-1;0.14;1.611865;29;-1
Kepler-207 c;-1;134;3.071571;44;-1
Kepler-207 d;-1;295;5.868075;68;-1
Kepler-208 b;-1;145;4.22864;54;-1
Kepler-208 c;-1;124;7.466623;79;-1
Kepler-208 d;-1;107;11.131786;103;-1
Kepler-208 e;-1;132;16.259458;132;-1
Kepler-209 b;-1;202;16.087845;122;-1
Kepler-209 c;-1;277;41.749882;231;-1
Kepler-21 b;33;0.1459;2.785755;0.042507;0
Kepler-210 b;-1;0.3419;2.4532;0.01421;0.44
Kepler-210 c;-1;436;7.9725;37;0.5
Kepler-211 b;-1;112;4.138575;48;-1
Kepler-211 c;-1;115;6.04045;62;-1
Kepler-212 b;-1;97;16.257582;133;-1
Kepler-212 c;-1;244;31.805174;207;-1
Kepler-213 b;-1;145;2.46236;36;-1
Kepler-213 c;-1;209;4.822962;57;-1
Kepler-214 b;-1;233;15.660544;0.13;-1
Kepler-214 c;-1;0.19;28.7798;194;-1
Kepler-215 b;-1;145;9.360672;84;-1
Kepler-215 c;-1;158;14.667108;113;-1
Kepler-215 d;-1;213;30.864423;185;-1
Kepler-215 e;-1;156;68.16101;314;-1
Kepler-216 b;-1;0.21;7.693641;79;-1
Kepler-216 c;-1;271;17.406669;136;-1
Kepler-217 b;-1;199;5.374943;65;-1
Kepler-217 c;-1;165;8.586004;89;-1
Kepler-218 b;-1;132;3.619337;46;-1
Kepler-218 c;-1;0.28;44.699576;248;-1
Kepler-219 b;-1;263;4.585512;57;-1
Kepler-219 c;-1;319;22.714613;165;-1
Kepler-219 d;-1;251;47.903645;272;-1
Kepler-22 b;0.11;0.21;289.8623;849;-1
Kepler-220 b;-1;72;4.159807;46;-1
Kepler-220 c;-1;0.14;9.034199;76;-1
Kepler-220 d;-1;87;28.122397;163;-1
Kepler-220 e;-1;119;45.902733;226;-1
Kepler-221 b;-1;153;2.795906;37;-1
Kepler-221 c;-1;261;5.690586;59;-1
Kepler-221 d;-1;244;10.04156;87;-1
Kepler-221 e;-1;235;18.369917;0.13;-1
Kepler-222 b;-1;282;3.936981;48;-1
Kepler-222 c;-1;414;10.08881;91;-1
Kepler-222 d;-1;329;28.081912;0.18;-1
Kepler-223 b;-1;151;7.384108;73;-1
Kepler-223 c;-1;178;9.848183;88;-1
Kepler-223 d;-1;266;14.788759;116;-1
Kepler-223 e;-1;214;19.721734;0.14;-1
Kepler-224 b;-1;124;3.132924;38;-1
Kepler-224 c;-1;278;5.925003;58;-1
Kepler-224 d;-1;205;11.349393;89;-1
Kepler-224 e;-1;176;18.643577;124;-1
Kepler-225 b;-1;107;6.738975;56;-1
Kepler-225 c;-1;164;18.794234;111;-1
Kepler-226 b;-1;138;3.940997;47;-1
Kepler-226 c;-1;203;5.349555;58;-1
Kepler-226 d;-1;109;8.109044;76;-1
Kepler-227 b;-1;277;9.488015;0.09;-1
Kepler-227 c;-1;271;54.418694;0.29;-1
Kepler-228 b;-1;136;2.566546;38;-1
Kepler-228 c;-1;241;4.134444;52;-1
Kepler-228 d;-1;0.36;11.094286;101;-1
Kepler-229 b;-1;196;6.252972;62;-1
Kepler-229 c;-1;439;16.068638;117;-1
Kepler-229 d;-1;343;41.194912;0.22;-1
Kepler-23 b;0.8;0.17;7.1073;75;-1
Kepler-23 c;2.7;0.29;10.7421;99;-1
Kepler-230 b;-1;0.38;32.625555;191;-1
Kepler-230 c;-1;182;91.773242;0.38;-1
Kepler-231 b;-1;154;10.065275;74;-1
Kepler-231 c;-1;172;19.271566;114;-1
Kepler-232 b;-1;275;4.431222;54;-1
Kepler-232 c;-1;342;11.379349;101;-1
Kepler-233 b;-1;217;8.472382;77;-1
Kepler-233 c;-1;242;60.418955;287;-1
Kepler-234 b;-1;0.33;2.711506;0.04;-1
Kepler-234 c;-1;313;7.21205;77;-1
Kepler-235 b;-1;199;3.340222;37;-1
Kepler-235 c;-1;114;7.824904;65;-1
Kepler-235 d;-1;183;20.060548;122;-1
Kepler-235 e;-1;198;46.183669;213;-1
Kepler-236 b;-1;0.14;8.295611;65;-1
Kepler-236 c;-1;178;23.968127;132;-1
Kepler-237 b;-1;126;4.715106;0.05;-1
Kepler-237 c;-1;186;8.103636;71;-1
Kepler-238 b;-1;154;2.090876;34;-1
Kepler-238 c;-1;213;6.155557;69;-1
Kepler-238 d;-1;274;13.233549;115;-1
Kepler-238 e;626;501;23654;-1;-1
Kepler-238 f;56;179;50447;-1;-1
Kepler-239 b;-1;208;11.763051;95;-1
Kepler-239 c;-1;224;56.228098;268;-1
Kepler-24 b;1.6;0.21;8.1453;0.08;-1
Kepler-24 c;1.6;0.25;12.3335;106;-1
Kepler-240 b;-1;122;4.144495;48;-1
Kepler-240 c;-1;196;7.953528;74;-1
Kepler-241 b;-1;208;12.718092;94;-1
Kepler-241 c;-1;229;36.065978;189;-1
Kepler-242 b;-1;233;8.20395;75;-1
Kepler-242 c;-1;178;14.496481;109;-1
Kepler-243 b;-1;219;5.715442;62;-1
Kepler-243 c;-1;178;20.026218;142;-1
Kepler-244 b;-1;246;4.311792;0.05;-1
Kepler-244 c;-1;183;9.767292;87;-1
Kepler-244 d;-1;206;20.050401;0.14;-1
Kepler-245 b;-1;229;7.49019;71;-1
Kepler-245 c;-1;194;17.460812;124;-1
Kepler-245 d;-1;0.27;36.277108;202;-1
Kepler-246 b;-1;209;4.60182;52;-1
Kepler-246 c;-1;134;11.187161;95;-1
Kepler-247 b;-1;146;3.33616;42;-1
Kepler-247 c;-1;365;9.439452;84;-1
Kepler-247 d;-1;352;20.477912;0.14;-1
Kepler-248 b;-1;269;6.308205;66;-1
Kepler-248 c;-1;363;16.239494;123;-1
Kepler-249 b;-1;97;3.306539;35;-1
Kepler-249 c;-1;135;7.113702;58;-1
Kepler-249 d;-1;0.14;15.368459;97;-1
Kepler-25 b;0.0302048265;0.2417704376;6.2385;68;-1
Kepler-25 c;0.0773998679;0.4639137549;12.7204;0.11;-1
Kepler-25 d;0.2828556146;-1;123;-1;-1
Kepler-250 b;-1;101;4.148141;48;-1
Kepler-250 c;-1;203;7.156804;69;-1
Kepler-250 d;-1;194;17.648312;127;-1
Kepler-251 b;-1;119;4.790936;53;-1
Kepler-251 c;-1;247;16.514043;122;-1
Kepler-251 d;-1;247;30.133001;182;-1
Kepler-251 e;-1;247;99.640161;404;-1
Kepler-252 b;-1;0.11;6.668391;58;-1
Kepler-252 c;-1;192;10.848463;0.08;-1
Kepler-253 b;-1;145;3.783986;46;-1
Kepler-253 c;-1;236;10.281951;89;-1
Kepler-253 d;-1;283;18.119869;0.13;-1
Kepler-254 b;-1;345;5.826662;64;-1
Kepler-254 c;-1;192;12.412183;105;-1
Kepler-254 d;-1;223;18.746477;139;-1
Kepler-255 b;-1;138;5.714606;63;-1
Kepler-255 c;-1;267;9.946047;92;-1
Kepler-256 b;-1;142;1.620493;27;-1
Kepler-256 c;-1;192;3.38802;45;-1
Kepler-256 d;-1;221;5.839172;64;-1
Kepler-256 e;-1;0.21;10.681572;96;-1
Kepler-257 b;-1;233;2.382667;34;-1
Kepler-257 c;-1;483;6.581484;66;-1
Kepler-257 d;-1;442;24.664551;0.16;-1
Kepler-258 b;-1;362;13.19722;103;-1
Kepler-258 c;-1;322;33.653079;193;-1
Kepler-259 b;-1;0.25;8.115317;79;-1
Kepler-259 c;-1;241;36.924931;217;-1
Kepler-26 b;0.38;0.32;12.2829;85;-1
Kepler-26 c;375;0.32;17.2513;107;-1
Kepler-26 e;-1;215;46.827915;0.22;-1
Kepler-260 b;-1;179;8.187399;75;-1
Kepler-260 c;-1;155;76.050178;332;-1
Kepler-261 b;-1;194;10.381227;88;-1
Kepler-261 c;-1;178;24.570858;156;-1
Kepler-262 b;-1;121;13.060855;108;-1
Kepler-262 c;-1;146;21.853722;152;-1
Kepler-263 b;-1;238;16.568087;0.12;-1
Kepler-263 c;-1;0.22;47.332773;242;-1
Kepler-264 b;-1;297;40.806231;249;-1
Kepler-264 c;-1;252;140.101261;566;-1
Kepler-265 b;-1;166;6.846262;69;-1
Kepler-265 c;-1;235;17.028937;127;-1
Kepler-265 d;-1;222;43.130617;236;-1
Kepler-265 e;-1;231;67.831024;319;-1
Kepler-266 b;-1;221;6.61833;71;-1
Kepler-266 c;-1;347;107.723601;457;-1
Kepler-267 b;-1;177;3.353728;37;-1
Kepler-267 c;-1;0.19;6.87745;0.06;-1
Kepler-267 d;-1;203;28.464515;154;-1
Kepler-268 b;-1;227;25.934138;0.18;-1
Kepler-268 c;-1;302;83.446393;391;-1
Kepler-269 b;-1;0.22;5.326718;61;-1
Kepler-269 c;-1;151;8.127899;81;-1
Kepler-27 b;9.11;0.36;15.3348;118;-1
Kepler-27 c;13.8;0.44;31.3309;191;-1
Kepler-270 b;-1;179;11.476094;107;-1
Kepler-270 c;-1;158;25.262887;0.18;-1
Kepler-271 b;-1;79;5.217738;56;-1
Kepler-271 c;-1;89;7.410935;71;-1
Kepler-272 b;-1;128;2.971353;38;-1
Kepler-272 c;-1;0.16;6.057342;61;-1
Kepler-272 d;-1;201;10.937304;91;-1
Kepler-273 b;-1;134;2.936532;37;-1
Kepler-273 c;-1;177;8.014927;73;-1
Kepler-274 b;-1;137;11.634788;101;-1
Kepler-274 c;-1;164;33.197861;204;-1
Kepler-275 b;-1;209;10.300682;98;-1
Kepler-275 c;-1;302;16.088134;132;-1
Kepler-275 d;-1;297;35.676062;224;-1
Kepler-276 b;-1;256;14.12841;119;-1
Kepler-276 c;45;259;31884;-1;-1
Kepler-276 d;44;0.25;48648;-1;-1
Kepler-277 b;0.28;261;17324;-1;-1
Kepler-277 c;0.21;0.3;33006;-1;-1
Kepler-278 b;-1;363;30.160546;207;-1
Kepler-278 c;-1;0.32;51.078775;294;-1
Kepler-279 b;-1;323;12.309681;112;-1
Kepler-279 c;171;385;35736;232;-1
Kepler-279 d;0.13;277;54414;0.30728;-1
Kepler-28 b;1.51;0.32;5.9123;62;-1
Kepler-28 c;1.36;0.3;8.9858;81;-1
Kepler-280 b;-1;129;2.139542;32;-1
Kepler-280 c;-1;179;4.807091;56;-1
Kepler-281 b;-1;252;14.646008;117;-1
Kepler-281 c;-1;474;36.337373;215;-1
Kepler-282 b;-1;0.09;9.220524;82;-1
Kepler-282 c;-1;107;13.638723;106;-1
Kepler-282 d;204;0.22;24806;-1;-1
Kepler-282 e;192;277;44347;-1;-1
Kepler-283 b;-1;0.19;11.008151;82;-1
Kepler-283 c;-1;162;92.743711;341;-1
Kepler-284 b;-1;0.2;12.699149;104;-1
Kepler-284 c;-1;233;37.514456;213;-1
Kepler-285 b;-1;0.12;2.633867;36;-1
Kepler-285 c;-1;0.1;6.186676;64;-1
Kepler-286 b;-1;111;1.796302;27;-1
Kepler-286 c;-1;122;3.468095;42;-1
Kepler-286 d;-1;119;5.914323;61;-1
Kepler-286 e;-1;158;29.221289;176;-1
Kepler-287 b;-1;208;20.342199;145;-1
Kepler-287 c;-1;291;44.851896;246;-1
Kepler-288 b;-1;149;6.097326;65;-1
Kepler-288 c;-1;254;19.305772;0.14;-1
Kepler-288 d;-1;238;56.633742;287;-1
Kepler-289 b;-1;217;34.543901;212;-1
Kepler-289 c;-1;1163;125.866438;502;-1
Kepler-29 b;0.4;0.32;10.3376;0.09;-1
Kepler-29 c;0.3;0.26;13.2907;0.11;-1
Kepler-290 b;-1;201;14.589347;0.11;-1
Kepler-290 c;-1;241;36.77031;205;-1
Kepler-291 b;-1;193;3.546511;47;-1
Kepler-291 c;-1;168;5.700786;65;-1
Kepler-292 b;-1;118;2.580827;35;-1
Kepler-292 c;-1;131;3.715335;45;-1
Kepler-292 d;-1;199;7.055679;68;-1
Kepler-292 e;-1;238;11.97901;97;-1
Kepler-292 f;-1;0.21;20.834237;141;-1
Kepler-293 b;-1;274;19.254196;144;-1
Kepler-293 c;-1;342;54.155743;286;-1
Kepler-294 b;-1;158;3.701212;48;-1
Kepler-294 c;-1;242;6.6264;71;-1
Kepler-295 b;-1;109;12.645164;99;-1
Kepler-295 c;-1;104;21.526258;142;-1
Kepler-295 d;-1;121;33.884054;192;-1
Kepler-296 b;-1;84;3.621457;39;-1
Kepler-296 c;-1;192;5.841648;54;-1
Kepler-296 d;-1;203;19.850242;122;-1
Kepler-296 e;-1;156;34.142347;174;-1
Kepler-296 f;-1;0.16;63.335879;263;-1
Kepler-297 b;-1;256;38.871826;217;-1
Kepler-297 c;-1;583;74.920137;336;-1
Kepler-298 b;-1;175;10.475464;0.08;-1
Kepler-298 c;-1;172;22.92881;136;-1
Kepler-298 d;-1;223;77.473633;305;-1
Kepler-299 b;-1;118;2.927128;0.04;-1
Kepler-299 c;-1;236;6.885875;0.07;-1
Kepler-299 d;-1;166;15.054786;118;-1
Kepler-299 e;-1;167;38.285489;0.22;-1
Kepler-30 b;36;0.35;29334;0.18;-1
Kepler-30 c;2.01;1.1;60.3231;0.3;-1
Kepler-30 d;73;0.79;143343;0.5;-1
Kepler-300 b;-1;149;10.446347;94;-1
Kepler-300 c;-1;201;40.714955;232;-1
Kepler-301 b;-1;0.12;2.508553;36;-1
Kepler-301 c;-1;0.12;5.419026;0.06;-1
Kepler-301 d;-1;156;13.751243;112;-1
Kepler-302 b;-1;362;30.184104;193;-1
Kepler-302 c;-1;1111;127.282184;503;-1
Kepler-303 b;-1;79;1.937055;24;-1
Kepler-303 c;-1;102;7.061149;57;-1
Kepler-304 b;-1;255;3.295709;39;-1
Kepler-304 c;-1;194;5.315946;54;-1
Kepler-304 d;-1;245;9.653471;0.08;-1
Kepler-305 b;0.0356;322;5487;0.05856;-1
Kepler-305 c;0.0192;295;8291;0.07711;-1
Kepler-305 d;-1;242;16.738661;121;-1
Kepler-306 b;-1;136;4.646186;0.05;-1
Kepler-306 c;-1;0.21;7.240193;67;-1
Kepler-306 d;-1;0.22;17.326644;0.12;-1
Kepler-306 e;-1;203;44.840975;227;-1
Kepler-307 b;0.0079;286;10416;-1;-1
Kepler-307 c;0.0038;0.25;13084;-1;-1
Kepler-308 b;-1;189;9.694928;0.09;-1
Kepler-308 c;-1;193;15.38231;123;-1
Kepler-309 b;-1;139;5.923653;59;-1
Kepler-309 c;-1;224;105.356383;401;-1
Kepler-31 b;-1;0.38;20.8613;0.16;-1
Kepler-31 c;4.7;0.38;42.6318;0.26;-1
Kepler-31 d;-1;407;87.648901;0.39;-1
Kepler-310 b;-1;106;13.930698;111;-1
Kepler-310 c;-1;302;56.47542;281;-1
Kepler-310 d;-1;0.22;92.876125;392;-1
Kepler-311 b;-1;152;9.176092;87;-1
Kepler-311 c;-1;128;19.738286;145;-1
Kepler-312 b;-1;115;1.772419;31;-1
Kepler-312 c;-1;281;19.747412;153;-1
Kepler-313 b;-1;226;14.970418;125;-1
Kepler-313 c;-1;229;32.273273;208;-1
Kepler-314 b;-1;74;2.461069;35;-1
Kepler-314 c;-1;259;5.960392;64;-1
Kepler-315 b;-1;336;96.101141;402;-1
Kepler-315 c;-1;0.37;265.469335;791;-1
Kepler-316 b;-1;95;2.240508;27;-1
Kepler-316 c;-1;103;6.827766;58;-1
Kepler-317 b;-1;186;5.524242;61;-1
Kepler-317 c;-1;153;8.77501;83;-1
Kepler-318 b;-1;0.42;4.662715;56;-1
Kepler-318 c;-1;328;11.815007;105;-1
Kepler-319 b;-1;145;4.362705;51;-1
Kepler-319 c;-1;235;6.941357;69;-1
Kepler-319 d;-1;204;31.781925;191;-1
Kepler-32 b;4.1;0.37;5.90124;0.05;-1
Kepler-32 c;0.5;0.33;8.7522;0.09;-1
Kepler-320 b;-1;102;8.371554;85;-1
Kepler-320 c;-1;122;17.934937;142;-1
Kepler-321 b;-1;158;4.915379;57;-1
Kepler-321 c;-1;207;13.093921;0.11;-1
Kepler-322 b;-1;0.09;1.653888;27;-1
Kepler-322 c;-1;149;4.337234;51;-1
Kepler-323 b;-1;128;1.678327;28;-1
Kepler-323 c;-1;145;3.553822;46;-1
Kepler-324 b;-1;102;4.385315;0.05;-1
Kepler-324 c;-1;281;51.805612;0.26;-1
Kepler-325 b;-1;0.26;4.544439;53;-1
Kepler-325 c;-1;227;12.762172;105;-1
Kepler-325 d;-1;249;38.715185;0.22;-1
Kepler-326 b;-1;136;2.248329;32;-1
Kepler-326 c;-1;125;4.580358;51;-1
Kepler-326 d;-1;108;6.766888;66;-1
Kepler-327 b;-1;99;2.549575;29;-1
Kepler-327 c;-1;92;5.212333;47;-1
Kepler-327 d;-1;154;13.969457;0.09;-1
Kepler-328 b;69;206;34921;-1;-1
Kepler-328 c;0.1;483;71312;-1;-1
Kepler-329 b;-1;125;7.416397;61;-1
Kepler-329 c;-1;172;18.684737;113;-1
Kepler-33 b;-1;0.16;5.66793;0.0677;-1
Kepler-33 c;-1;0.29;13.17562;0.1189;-1
Kepler-33 d;-1;0.48;21.77596;0.1662;-1
Kepler-33 e;-1;0.36;31.7844;0.2138;-1
Kepler-33 f;-1;0.4;41.02902;0.2535;-1
Kepler-330 b;-1;0.12;8.25978;75;-1
Kepler-330 c;-1;174;15.955387;116;-1
Kepler-331 b;-1;162;8.457496;65;-1
Kepler-331 c;-1;164;17.28111;105;-1
Kepler-331 d;-1;146;32.134328;159;-1
Kepler-332 b;-1;104;7.626324;0.07;-1
Kepler-332 c;-1;97;15.995622;114;-1
Kepler-332 d;-1;105;34.21154;189;-1
Kepler-333 b;-1;118;12.551158;87;-1
Kepler-333 c;-1;99;24.08821;135;-1
Kepler-334 b;-1;0.1;5.470319;61;-1
Kepler-334 c;-1;128;12.758005;107;-1
Kepler-334 d;-1;126;25.09849;168;-1
Kepler-335 b;-1;302;6.562331;75;-1
Kepler-335 c;-1;274;67.844469;356;-1
Kepler-336 b;-1;91;2.024823;33;-1
Kepler-336 c;-1;187;9.600001;92;-1
Kepler-336 d;-1;211;20.678772;154;-1
Kepler-337 b;-1;137;3.292781;45;-1
Kepler-337 c;-1;183;9.693201;93;-1
Kepler-338 b;-1;218;13.726976;117;-1
Kepler-338 c;-1;209;24.310856;172;-1
Kepler-338 d;-1;268;44.431014;257;-1
Kepler-339 b;-1;127;4.977656;55;-1
Kepler-339 c;-1;103;6.988055;69;-1
Kepler-339 d;-1;104;10.558345;91;-1
Kepler-34(AB)  b;0.2199288928;0.7636734119;288822;1.0896;0.182
Kepler-340 b;-1;226;14.844387;134;-1
Kepler-340 c;-1;301;22.824669;178;-1
Kepler-341 b;-1;105;5.195528;0.06;-1
Kepler-341 c;-1;152;8.01041;0.08;-1
Kepler-341 d;-1;165;27.666313;182;-1
Kepler-341 e;-1;178;42.473269;242;-1
Kepler-342 b;-1;201;15.170318;128;-1
Kepler-342 c;-1;175;26.234138;185;-1
Kepler-342 d;-1;222;39.459357;242;-1
Kepler-343 b;-1;215;8.96855;88;-1
Kepler-343 c;-1;0.18;23.22182;167;-1
Kepler-344 b;-1;233;21.963945;153;-1
Kepler-344 c;-1;263;125.596809;488;-1
Kepler-345 b;-1;66;7.415563;66;-1
Kepler-345 c;-1;107;9.387427;77;-1
Kepler-346 b;-1;237;6.511127;71;-1
Kepler-346 c;-1;274;23.851549;168;-1
Kepler-347 b;-1;176;12.79836;0.11;-1
Kepler-347 c;-1;156;27.320871;183;-1
Kepler-348 b;-1;136;7.05677;76;-1
Kepler-348 c;-1;119;17.265427;138;-1
Kepler-349 b;-1;0.17;5.929778;65;-1
Kepler-349 c;-1;175;12.247629;105;-1
Kepler-35(AB) b;0.1267973445;0.7279877384;131458;0.60347;0.042
Kepler-350 b;-1;165;11.189562;104;-1
Kepler-350 c;0.0176;277;17849;-1;-1
Kepler-350 d;48;0.25;26136;-1;-1
Kepler-351 b;-1;273;37.054919;214;-1
Kepler-351 c;-1;285;57.24809;287;-1
Kepler-352 b;-1;77;10.05537;85;-1
Kepler-352 c;-1;111;16.332995;118;-1
Kepler-353 b;-1;79;5.795278;51;-1
Kepler-353 c;-1;123;8.410894;65;-1
Kepler-354 b;-1;164;5.47666;54;-1
Kepler-354 c;-1;117;16.934402;115;-1
Kepler-354 d;-1;111;24.209842;146;-1
Kepler-355 b;-1;0.13;11.03189;102;-1
Kepler-355 c;-1;242;25.762294;179;-1
Kepler-356 b;-1;0.14;4.612696;57;-1
Kepler-356 c;-1;161;13.121632;115;-1
Kepler-357 b;-1;164;6.475434;63;-1
Kepler-357 c;-1;238;16.85837;0.12;-1
Kepler-357 d;-1;306;49.499875;246;-1
Kepler-358 b;-1;243;34.060467;0.21;-1
Kepler-358 c;-1;254;83.488369;381;-1
Kepler-359 b;-1;315;25.563222;178;-1
Kepler-359 c;-1;384;57.68802;307;-1
Kepler-359 d;-1;358;77.095691;372;-1
Kepler-36 b;0.014032659;0.1320369918;13.83989;0.1153;-1
Kepler-36 c;0.0254149;0.3282;16.23855;0.1283;-1
Kepler-360 b;-1;147;3.289672;44;-1
Kepler-360 c;-1;187;7.186434;75;-1
Kepler-361 b;-1;129;8.486616;86;-1
Kepler-361 c;-1;225;55.188023;0.3;-1
Kepler-362 b;-1;79;10.327186;87;-1
Kepler-362 c;-1;129;37.866281;207;-1
Kepler-363 b;-1;103;3.614568;48;-1
Kepler-363 c;-1;151;7.542427;79;-1
Kepler-363 d;-1;183;11.932125;107;-1
Kepler-364 b;-1;138;25.745718;178;-1
Kepler-364 c;-1;192;59.980627;312;-1
Kepler-365 b;-1;182;10.664903;98;-1
Kepler-365 c;-1;146;17.784129;137;-1
Kepler-366 b;-1;0.13;3.281959;45;-1
Kepler-366 c;-1;0.16;12.51616;0.11;-1
Kepler-367 b;-1;116;37.815724;201;-1
Kepler-367 c;-1;107;53.578637;253;-1
Kepler-368 b;-1;291;26.84768;186;-1
Kepler-368 c;-1;346;72.379334;0.36;-1
Kepler-369 b;-1;101;2.732756;0.03;-1
Kepler-369 c;-1;126;14.871572;94;-1
Kepler-37 b;0.0087468143;0.0285485388;13.367308;0.1003;-1
Kepler-37 c;0.0314633609;0.0669106377;21.301886;0.1368;-1
Kepler-37 d;0.0383853003;0.1730755162;39.792187;0.2076;-1
Kepler-370 b;-1;142;4.57953;54;-1
Kepler-370 c;-1;0.17;19.02293;0.14;-1
Kepler-371 b;-1;169;34.763278;0.2;-1
Kepler-371 c;-1;159;67.968015;313;-1
Kepler-372 b;-1;121;6.849692;75;-1
Kepler-372 c;-1;186;20.053763;154;-1
Kepler-372 d;-1;151;30.092568;201;-1
Kepler-373 b;-1;121;5.535309;0.06;-1
Kepler-373 c;-1;111;16.725948;126;-1
Kepler-374 b;-1;92;1.897806;29;-1
Kepler-374 c;-1;98;3.282807;42;-1
Kepler-374 d;-1;117;5.028219;56;-1
Kepler-375 b;-1;129;12.125934;101;-1
Kepler-375 c;-1;236;19.986326;141;-1
Kepler-376 b;-1;95;4.920199;57;-1
Kepler-376 c;-1;0.16;14.172327;115;-1
Kepler-377 b;-1;124;12.509529;109;-1
Kepler-377 c;-1;184;27.014976;182;-1
Kepler-378 b;-1;67;16.092361;112;-1
Kepler-378 c;-1;62;28.906009;166;-1
Kepler-379 b;-1;148;20.09838;152;-1
Kepler-379 c;-1;204;62.784697;326;-1
Kepler-38(AB) b;0.38;0.39;105595;0.4644;-1
Kepler-380 b;-1;106;3.930821;0.05;-1
Kepler-380 c;-1;113;7.630004;78;-1
Kepler-381 b;-1;88;5.629021;66;-1
Kepler-381 c;-1;0.1;13.391635;117;-1
Kepler-382 b;-1;118;5.262155;55;-1
Kepler-382 c;-1;142;12.162701;97;-1
Kepler-383 b;-1;118;12.904532;95;-1
Kepler-383 c;-1;111;31.200751;172;-1
Kepler-384 b;-1;0.1;22.597053;148;-1
Kepler-384 c;-1;101;45.348269;236;-1
Kepler-385 b;-1;244;10.043686;97;-1
Kepler-385 c;-1;271;15.163161;127;-1
Kepler-386 b;-1;124;12.31043;96;-1
Kepler-386 c;-1;141;25.193458;155;-1
Kepler-387 b;-1;92;6.791636;68;-1
Kepler-387 c;-1;79;11.837549;98;-1
Kepler-388 b;-1;72;3.173315;36;-1
Kepler-388 c;-1;77;13.297004;93;-1
Kepler-389 b;-1;135;3.244107;41;-1
Kepler-389 c;-1;0.13;14.51143;0.11;-1
Kepler-39 b;18;1.22;21.0874;155;0.121
Kepler-390 b;-1;73;6.738088;65;-1
Kepler-390 c;-1;0.07;13.060022;101;-1
Kepler-391 b;-1;285;7.416755;82;-1
Kepler-391 c;-1;316;20.485435;161;-1
Kepler-392 b;-1;89;5.341853;59;-1
Kepler-392 c;-1;98;10.423118;93;-1
Kepler-393 b;-1;115;9.182417;91;-1
Kepler-393 c;-1;119;14.613612;124;-1
Kepler-394 b;-1;143;8.005013;83;-1
Kepler-394 c;-1;148;12.130686;0.11;-1
Kepler-395 b;-1;92;7.054346;61;-1
Kepler-395 c;-1;118;34.989262;177;-1
Kepler-396 b;0.22;0.31;42994;0.36709;-1
Kepler-396 c;53;0.47;88505;0.22662;-1
Kepler-397 b;-1;219;22.250949;144;-1
Kepler-397 c;-1;551;135.498527;0.48;-1
Kepler-398 b;-1;83;4.081423;44;-1
Kepler-398 c;-1;0.09;11.419412;87;-1
Kepler-399 b;-1;86;14.425281;103;-1
Kepler-399 c;-1;128;26.67569;155;-1
Kepler-399 d;-1;169;58.034616;261;-1
Kepler-4 b;0.0824340056;0.3568567345;3.21346;0.0456;0
Kepler-40 b;2.2;1.17;6.87349;0.08;0
Kepler-400 b;-1;147;9.024389;87;-1
Kepler-400 c;-1;133;17.340824;134;-1
Kepler-401 b;-1;153;14.383035;122;-1
Kepler-401 c;-1;192;47.318218;269;-1
Kepler-402 b;-1;109;4.028751;51;-1
Kepler-402 c;-1;139;6.124821;68;-1
Kepler-402 d;-1;123;8.921099;87;-1
Kepler-402 e;-1;0.13;11.242861;102;-1
Kepler-403 b;-1;112;7.031462;76;-1
Kepler-403 c;-1;156;54.280749;297;-1
Kepler-404 b;-1;113;11.829851;102;-1
Kepler-404 c;-1;153;14.751166;118;-1
Kepler-405 b;-1;186;10.613839;95;-1
Kepler-405 c;-1;416;29.726682;188;-1
Kepler-406 b;0.02;128;2.42629;-1;-1
Kepler-406 c;0.00853;76;4.62332;-1;-1
Kepler-41  b;0.49;841;1.855558;29;0
Kepler-410A b;-1;0.2531898531;17.833648;0.1236;0.17
Kepler-412 b;939;1325;1.720861232;0.02959;0.0038
Kepler-413(AB) b;0.2108045181;0.3878140562;66262;0.3553;0.1181
Kepler-418 b;1.1;1.2;86.67865;-1;0.2
Kepler-419 b;2.5;0.85;69.7546;0.37;0.833
Kepler-419 c;7.3;-1;675.47;1.68;0.184
Kepler-42 b;9;0.07;1.2137672;0.0116;-1
Kepler-42 c;6;65;0.45328509;6;-1
Kepler-42 d;3;51;1.856169;0.0154;-1
Kepler-421 b;-1;0.3711310039;704.1984;1219;0.041
Kepler-422 b;0.43;1.15;7.8914483;82;-1
Kepler-423 b;595;1192;2.6843285;0.03585;0.019
Kepler-424 b;1.03;0.89;3.3118644;44;-1
Kepler-424 c;6.97;-1;223.3;0.73;-1
Kepler-43 b;3.23;1.2;3.024095;0.0449;0.025
Kepler-432 b;5.41;1.45;52.501134;301;0.5121
Kepler-436 b;-1;244;64.00205;339;0.19
Kepler-437 b;-1;191;66.65062;288;0.02
Kepler-438 b;-1;0.0999;35.23319;166;0.03
Kepler-439 b;-1;0.2;178.1396;563;0.03
Kepler-44 b;1.02;1.24;3.24674;0.0455;0.021
Kepler-440 b;-1;166;101.11141;242;0.34
Kepler-441 b;-1;146;207.2482;0.64;0.1
Kepler-442 b;-1;0.12;112.3053;409;0.04
Kepler-443 b;-1;208;177.6693;495;0.11
Kepler-444 b;-1;36;3.60001053;0.04178;0.16
Kepler-444 c;-1;0.0443;4.5458841;0.04881;0.31
Kepler-444 d;-1;0.0473;6.189392;0.06;0.18
Kepler-444 e;-1;0.0487;7.743493;0.0696;0.1
Kepler-444 f;-1;0.0661;9.740486;0.0811;0.29
Kepler-445 b;0.02;141;2.984151;-1;0
Kepler-445 c;27;224;4.871229;-1;0
Kepler-445 d;11;112;8.15275;-1;0
Kepler-446 b;14;134;1.565409;-1;0
Kepler-446 c;9;98;3.036179;-1;0
Kepler-446 d;0.01;0.12;5.148921;-1;0
Kepler-447 b;1.37;1.65;7.79430132;0.0769;-1
Kepler-45 b;505;0.96;2.455239;27;0.11
Kepler-452 b;-1;145;384843;1046;0.035
Kepler-46 b;6;812;33.60134;0.1967;0.01
Kepler-46 c;376;-1;57004;0.2799;0.0145
Kepler-47(AB) b;-1;0.27;49514;0.2956;-1
Kepler-47(AB) c;-1;0.41;303148;989;-1
Kepler-48 b;0.0123965642;0.1677226652;4.7779803;-1;-1
Kepler-48 c;0.0459679703;0.2417704376;9.6739283;-1;-1
Kepler-48 d;0.0249504452;0.1819969346;42.8961;-1;-1
Kepler-48 e;2.0671428122;-1;982;-1;-1
Kepler-49 b;-1;0.24;7.2037945;-1;-1
Kepler-49 c;-1;0.23;10.9129343;-1;-1
Kepler-49 d;-1;143;2.576549;31;-1
Kepler-49 e;-1;139;18.596108;116;-1
Kepler-5 b;2114;1431;3.54846;0.05064;0
Kepler-50 b;0.1;0.2;7.8125124;-1;-1
Kepler-50 c;0.11;0.25;9.3761368;-1;-1
Kepler-51 b;0.0066073058;0.6334207038;45.1555023;0.2514;0.04
Kepler-51 c;0.0125853444;0.8029276527;85.3128662;384;0.014
Kepler-52 b;8.7;0.19;7.8773565;-1;-1
Kepler-52 c;10.41;0.16;16.3850021;-1;-1
Kepler-52 d;-1;174;36.445171;182;-1
Kepler-53 b;18.41;0.26;18.6489525;-1;-1
Kepler-53 c;15.75;0.28;38.5583038;-1;-1
Kepler-53 d;-1;189;9.751962;91;-1
Kepler-54 b;-1;0.19;8.0109434;-1;-1
Kepler-54 c;-1;0.11;12.0717249;-1;-1
Kepler-54 d;-1;136;20.995694;126;-1
Kepler-55 b;-1;0.22;27.94811449;-1;-1
Kepler-55 c;-1;0.2;42.1516418;-1;-1
Kepler-55 d;-1;142;2.211099;29;-1
Kepler-55 e;-1;138;4.617534;48;-1
Kepler-55 f;-1;142;10.198545;81;-1
Kepler-56 b;0.07;0.58;10.5016;0.1028;0
Kepler-56 c;569;0.88;21.40239;0.1652;0
Kepler-56 d;3.3;-1;-1;2;0.4
Kepler-57 b;18.86;0.2;5.7293196;-1;-1
Kepler-57 c;6.95;0.14;11.6092567;-1;-1
Kepler-58 b;1.39;0.25;10.2184954;-1;-1
Kepler-58 c;2.19;0.26;15.5741568;-1;-1
Kepler-58 d;-1;262;40.101371;236;-1
Kepler-59 b;2.05;98;11.8681707;-1;-1
Kepler-59 c;1.37;0.18;17.9801235;-1;-1
Kepler-6 b;669;1323;3.234723;0.04567;0
Kepler-60 b;0.01;0.2;7.1316185;0.07497;-1
Kepler-60 c;0.02;0.22;8.9193459;0.08701;-1
Kepler-60 d;11;0.23;11.9016171;0.10548;-1
Kepler-61 b;-1;192;59.87756;0.27;0.25
Kepler-62 b;28;117;5.714932;0.0553;-1
Kepler-62 c;0.0126;48;12.4417;0.0929;-1
Kepler-62 d;44;174;18.16406;0.12;-1
Kepler-62 e;113;144;122.3874;427;-1
Kepler-62 f;0.11;126;267291;718;-1
Kepler-63 b;-1;545;9.4341505;0.08;-1
Kepler-65 b;-1;127;2.15491;35;-1
Kepler-65 c;0.0849510745;0.23;5.859944;68;-1
Kepler-65 d;0.0062926722;135;8.13123;84;-1
Kepler-66 b;0.31;0.25;17.815815;0.1352;-1
Kepler-67 b;0.31;0.26;15.7259;0.1171;-1
Kepler-68 b;0.0238806909;0.2051926223;5.398763;0.0617;0
Kepler-68 c;15;81;9.605065;0.09059;-1
Kepler-68 d;947;-1;580;1.4;0.18
Kepler-69 b;-1;199;13.722341;94;0.16
Kepler-69 c;-1;153;242.4613;0.64;0.14
Kepler-7 b;433;1614;4.885525;0.06246;0.1
Kepler-70  b;14;68;0.2401;6;-1
Kepler-70 c;0.0021;78;0.34289;0.0076;-1
Kepler-71 b;-1;1.0452;3.905081;47;0
Kepler-74 b;0.68;1.32;7.340718;84;0.287
Kepler-75 b;9.9;1.03;8.884924;0.08;0.569
Kepler-76 b;1.96;1.25;1.54492875;28;-1
Kepler-77 b;0.43;0.96;3.5787087;0.04501;0
Kepler-78 b;0.005317308;0.1070570204;0.35500745;0.01;-1
Kepler-79 b;0.034285;0.309568;13.4845;117;0.015
Kepler-79 c;0.018558;332;27.4029;187;0.03
Kepler-79 d;0.018872;0.64;52.0902;287;0.025
Kepler-79 e;0.0129;312;81.0659;386;0.012
Kepler-8 b;603;1419;3.52254;0.0483;0
Kepler-80 b;-1;0.21;7.05;-1;-1
Kepler-80 c;-1;0.23;9.52;-1;-1
Kepler-80 d;-1;125;3.07;-1;-1
Kepler-80 e;-1;134;4.64;-1;-1
Kepler-80 f;-1;116;0.99;-1;-1
Kepler-81 b;-1;0.2269;5.954893;56;0
Kepler-81 c;-1;0.2188;12.039901;89;0
Kepler-81 d;-1;108;20.837846;128;-1
Kepler-82 b;-1;0.3573;26.44288;169;0
Kepler-82 c;-1;0.4734;51.53005;264;0
Kepler-82 d;-1;158;2.382961;34;-1
Kepler-82 e;-1;0.22;5.902206;63;-1
Kepler-83 b;-1;209;9.770513;78;0
Kepler-83 c;-1;0.1733;20.08976;126;0
Kepler-83 d;-1;173;5.169796;51;-1
Kepler-84 b;-1;0.1965;8.725854;83;0
Kepler-84 c;-1;0.2144;12.882525;108;0
Kepler-84 d;-1;123;4.224537;52;-1
Kepler-84 e;-1;232;27.434389;181;-1
Kepler-84 f;-1;196;44.552169;0.25;-1
Kepler-85 b;0.0465;178;8.305992;0.07891;-1
Kepler-85 c;59;197;12.51217;0.10369;-1
Kepler-85 d;-1;107;17.91323;0.13;-1
Kepler-85 e;-1;113;25.216751;163;-1
Kepler-86 b;-1;905;282.5255;828;0.41
Kepler-87 b;1.02;1.21;114.73709;471;0.036
Kepler-87 c;0.0201;549;192363;664;0.039
Kepler-88 b;0.027373124;0.3372296141;10.95416;-1;0.05593
Kepler-88 c;0.625491615;-1;22.3395;0.1529;0.05628
Kepler-89 b;33;153;3.7432451;0.05;-1
Kepler-89 c;49;386;10.423707;99;-1
Kepler-89 d;164;0.98;22.3430004;165;-1
Kepler-89 e;41;0.55;54.319931;298;-1
Kepler-9 b;0.1418997577;0.9902774383;19.22418;143;0.0626
Kepler-9 c;0.0975364188;0.9545917648;39.03106;229;0.0684
Kepler-9 d;0.0165182645;0.1784283673;1.592851;0.0273;-1
Kepler-90 b;-1;117;7.008151;74;-1
Kepler-90 c;-1;106;8.719375;89;-1
Kepler-90 d;-1;257;59.73667;0.32;-1
Kepler-90 e;-1;238;91.93913;0.42;-1
Kepler-90 f;-1;258;124.9144;0.48;0.01
Kepler-90 g;-1;725;210.60697;0.71;-1
Kepler-90 h;-1;1.01;331.60059;1.01;-1
Kepler-91 b;0.73;1384;6.24658;72;0.066
Kepler-92 b;189;314;13749;-1;-1
Kepler-92 c;0.0179;233;26723;-1;-1
Kepler-93 b;0.0126;0.1323046343;4.72673978;0.0542;-1
LKCA 15 b;6;-1;40000;15.7;-1
MOA-2007-BLG-192-L b;0.01;-1;-1;0.66;-1
MOA-2007-BLG-197L b;41;-1;-1;4.29;-1
MOA-2007-BLG-400-L b;0.9;-1;-1;0.85;-1
MOA-2008-BLG-310-L b;0.23;-1;-1;1.25;-1
MOA-2008-BLG-379L b;4.1;-1;-1;3.3;-1
MOA-2009-BLG-266L b;0.0327;-1;2780;3.2;-1
MOA-2009-BLG-319 b;157;-1;-1;2;-1
MOA-2009-BLG-387L b;2.6;-1;1970;1.8;-1
MOA-2010-BLG-328L b;29;-1;-1;0.92;-1
MOA-2010-BLG-353L b;0.27;-1;-1;1.72;-1
MOA-2010-BLG-477L b;1.5;-1;-1;2;-1
MOA-2011-BLG-262L b;0.0566340496;-1;-1;0.84;-1
MOA-2011-BLG-274 b;0.8;-1;-1;40;-1
MOA-2011-BLG-293L b;4.8;-1;-1;1.1;-1
MOA-2011-BLG-322L b;7.8;-1;-1;3.6;-1
MOA-2013-BLG-220L b;0.1887801655;-1;-1;0.7;-1
MOA-bin-1 b;3.7;-1;-1;8.3;-1
NGC 2423 3 b;10.6;-1;714.3;2.1;0.21
NGC 4349 No 127 b;19.8;-1;677.8;2.38;0.19
NLTT 41135;33.7;1.13;2.889475;24;-1
NN Ser (ab) c;6.91;-1;5660;5.38;0
NN Ser (ab) d;2.28;-1;2830;3.39;0.2
NY Vir b;2.78;-1;2987745;3.39;-1
NY Vir c;4.49;-1;9861.75;7.54;-1
OGL-2008-BLG-355L b;4.6;-1;-1;-1;-1
OGLE-05-071L b;3.5;-1;3600;3.6;-1
OGLE-05-169L b;0.0444;-1;-1;4;-1
OGLE-05-390L b;17;-1;3500;2.1;-1
OGLE-06-109L b;727;-1;1790;2.3;-1
OGLE-06-109L c;271;-1;4931;4.5;0.15
OGLE-2007-BLG-368L b;0.0694;-1;-1;3.3;-1
OGLE-2008-BLG-092L b;137;-1;-1;-1;-1
OGLE-2009-BLG-151 MOA-2009-232 b;7.5;-1;-1;0.31;-1
OGLE-2011-BLG-0251 b;0.96;-1;-1;3.86;-1
OGLE-2011-BLG-0265L b;0.88;-1;-1;1.89;-1
OGLE-2011-BLG-0420 b;9.4;-1;-1;0.19;-1
OGLE-2012-BLG-0026L b;0.11;-1;-1;3.82;-1
OGLE-2012-BLG-0026L c;0.68;-1;-1;4.63;-1
OGLE-2012-BLG-0358L b;1.85;-1;-1;0.87;-1
OGLE-2012-BLG-0406L b;2.73;-1;-1;3.45;-1
OGLE-2012-BLG-0563L b;0.39;-1;-1;0.74;-1
OGLE-2013-BLG-0102L b;13.6;-1;-1;0.8;-1
OGLE-2013-BLG-0341L b;0.0052229179;-1;-1;702;-1
OGLE-2013-BLG-0723LB b;0.0022;-1;-1;0.34;-1
OGLE-2014-BLG-0124L b;0.5;-1;-1;3.1;-1
OGLE-2015-BLG-0966 b;66;-1;-1;2.4;-1
OGLE-TR-10 b;0.68;1.72;3.10129;0.04162;0
OGLE-TR-111 b;0.54;1077;4.01451;47;0
OGLE-TR-113 b;1.24;1.11;1.4324772;0.0229;0
OGLE-TR-132 b;1.17;1.23;1.689868;0.0306;0
OGLE-TR-182 b;1.06;1.47;3.9791;51;0
OGLE-TR-211 b;0.75;1.26;3.67724;51;0
OGLE-TR-56 b;1.3;1.2;1.211909;0.0225;0
OGLE2-TR-L9 b;4.34;1614;2.4855335;0.0308;-1
OGLE235-MOA53 b;2.6;-1;-1;5.1;-1
OY Car b;8.48;-1;-1;6.18;-1
Oph 11 b;21;-1;730000;243;-1
PH1-Kepler-64 b;0.53;553;138506;634;0.0539
POTS-1 b;2.31;941;3.1606296;0.03734;-1
PSR 1257 12 b;0.00007;-1;25262;0.19;0
PSR 1257 12 c;13;-1;66.5419;0.36;0.0186
PSR 1257 12 d;12;-1;98.2114;0.46;0.0252
PSR 1719-14 b;1;0.4;0.090706293;0.0044;0.06
PSR B1620-26 b;2.5;-1;36525;23;-1
PSR B1957+20 b;22;-1;9.1;-1;-1
PSR J1807-2459 A b;9.4;-1;0.07;-1;0
PSR J2051-0827 b;28.3;-1;0.099110266;-1;0
PSR J2241-5236 b;12;-1;0.1456722395;-1;0
PZ Tel b;62;-1;-1;20;0.62
Pr0201 c;0.54;-1;4.4264;-1;-1
Pr0211 b;1844;-1;2.1451;-1;-1
Qatar-1 b;1.09;1164;1.4200246;0.02343;0
Qatar-2 b;2487;1144;1.3371182;0.02149;0
ROXs 12 b;16;-1;-1;210;-1
ROXs 42B b;9;2.5;-1;140;-1
RR Cae b;4.2;-1;4350;5.3;0
Ross 458(AB) c;11.3;1.07;-1;1168;-1
SAND364 b;1.54;-1;121.71;-1;0.35
SR 12 AB c;13;-1;-1;1083;-1
SWEEPS-04 ;3.8;0.81;4.2;55;-1
SWEEPS-11 ;9.7;1.13;1796;0.03;-1
TWA 5 A(AB) b;25;-1;-1;86;0.45
TYC+1422-614-1 b;2.51;-1;198.44;0.6879;0.07
TYC+1422-614-1 c;10.1;-1;569.2;1.3916;0.049
TrES-1 ;761;1099;3.0300722;0.0393;0
TrES-2 ;1253;1189;2.4706133738;0.03555;0
TrES-3 ;1.91;1305;1.30618608;0.0226;0
TrES-4 ;917;1706;3.5539268;0.05084;0
TrES-5 ;1778;1209;1.4822446;0.02446;-1
USco1602-2401 b;47;-1;-1;1000;-1
USco1610-1913 b;20;-1;-1;840;-1
USco1612-1800 b;26;-1;-1;430;-1
UScoCTIO 108 b;14;-1;-1;670;-1
UZ For(ab) d;7.7;-1;1900;2.8;0.05
V391 Peg b;3.2;-1;1170;1.7;0
VHS 1256-1257 b;11.2;-1;-1;102;-1
WASP-1 b;0.86;1484;2.5199464;0.0382;0
WASP-10 b;3.16;1.08;3.0927616;0.0371;0.057
WASP-100 b;2.03;1.69;2.849375;0.0457;0
WASP-101 b;0.5;1.41;3.585722;0.0506;0
WASP-103 b;1.49;1528;0.925542;0.01985;-1
WASP-104 b;1272;1137;1.7554137;0.02918;0
WASP-106 b;1925;1085;9.289715;0.0917;0
WASP-108 b;1167;1215;2.6755463;0.0397;0
WASP-109 b;0.91;1443;3.3190233;0.0463;0
WASP-11-HAT-P-10 b;0.46;1045;3.722469;0.0439;0
WASP-110 b;515;1238;3.7783977;0.0457;0
WASP-111 b;1.83;1442;2.310965;0.03914;0
WASP-112 b;0.88;1191;3.0353992;0.0382;0
WASP-117 b;0.2755;1021;10.02165;0.09459;0.302
WASP-12 b;1404;1736;1.0914222;0.02293;0
WASP-120 b;5.01;1515;3.6112706;0.0522;0.059
WASP-121 b;1183;1865;1.2749255;0.02544;0
WASP-122 b;1372;1792;1.7100567;0.03107;0
WASP-123 b;0.92;1327;2.977641;0.0431;0
WASP-13 b;485;1365;4.353011;0.05379;0
WASP-135 b;1.9;1.3;1.4013794;0.0243;0
WASP-14 b;7341;1281;2.2437661;36;0.087
WASP-15 b;542;1428;3.7520656;0.0499;0
WASP-16 b;855;1008;3.1186009;0.0421;0
WASP-17 b;486;1991;3.735438;0.0515;0.028
WASP-18 b;10.43;1165;0.9414518;0.02047;0.0088
WASP-19 b;1114;1395;0.78884;0.01616;0.0046
WASP-2 b;847;1079;2.15222144;0.03138;0
WASP-20 b;313;1459;4.8996285;0.06003;0
WASP-21 b;0.3;1.21;4.3225126;52;0
WASP-22 b;588;1158;3.5327313;0.04698;0
WASP-23 b;884;962;2.9444256;0.0376;0.062
WASP-24 b;1071;1.3;2.3412127;0.03651;0
WASP-25 b;0.58;1.26;3.76483;0.0474;0
WASP-26 b;1028;1281;2.7566004;0.03985;0
WASP-28 b;907;1213;3.40883;0.04469;0.046
WASP-29 b;0.2428971463;0.8412897516;3.922727;0.0457;0.03
WASP-3 b;2.06;1454;1.8468372;0.0313;0
WASP-31 b;478;1537;3.405909;0.04657;0
WASP-32 b;3.6;1.18;2.71865;0.0394;0.018
WASP-33 b;2.1;1603;1.21986967;0.02558;0
WASP-34 b;0.59;1.22;4.3176782;0.0524;0.038
WASP-35 b;0.72;1.32;3.161575;0.04317;0
WASP-36 b;2279;1269;1.5373653;0.02624;0
WASP-37 b;1.8;1.16;3.577471;0.04339;0
WASP-38 b;2712;1079;6.871815;0.07551;0.0321
WASP-39 b;0.28;1.27;4.055259;0.0486;0
WASP-4 b;1237;1395;1.33823187;0.02312;0
WASP-41 b;0.94;1.18;3.052404;0.04;0.026
WASP-41 c;3.18;-1;421;1.07;0.294
WASP-42 b;0.5;1.08;4.9816872;0.0458;0.06
WASP-43 b;2034;1036;0.81347753;0.01526;0.0035
WASP-44 b;889;1.14;2.4238039;0.03473;0
WASP-45 b;1007;1.16;3.1260876;0.04054;0
WASP-46 b;2101;1.31;1.43037;0.02448;0
WASP-47 b;1.13;1134;4.1591409;51;0.0026
WASP-47 c;1.24;-1;572;1.36;0.13
WASP-47 d;27;0.32;9.03079;0.087568;-1
WASP-47 e;28;0.1621;0.789593;0.01725;-1
WASP-48 b;0.98;1.67;2.143634;0.03444;0
WASP-49 b;378;1115;2.7817387;0.0378;-1
WASP-5 b;1637;1171;1.6284246;0.02729;0
WASP-50 b;1437;1138;1.9550959;0.02913;0.009
WASP-52 b;0.46;1.27;1.7497798;0.0272;0
WASP-54 b;0.6;1.4;3.7;-1;-1
WASP-55 b;0.57;1.3;4.465633;0.0533;0
WASP-56 b;0.6;1.2;4.6;-1;-1
WASP-57 b;0.8;1.1;2.8;-1;-1
WASP-58 b;0.89;1.37;5.01718;0.0561;0
WASP-59 b;0.7;0.9;7.9;-1;-1
WASP-6 b;503;1224;3.361006;0.0421;0.054
WASP-60 b;0.5;0.9;4.3;-1;-1
WASP-61 b;2.06;1.24;3.8559;0.0514;0
WASP-62 b;0.57;1.39;4.411953;0.0567;0
WASP-63 b;0.38;1.43;4.37809;0.0574;0
WASP-64 b;1.2;0.7;1.6;-1;-1
WASP-65 b;1.55;1112;2.3114243;0.0334;-1
WASP-66 b;2.32;1.39;4.086052;0.0546;0
WASP-67 b;0.42;1.4;4.61442;0.0517;0
WASP-68 b;0.95;1.24;5.084298;0.06206;0
WASP-69 b;0.26;1057;3.8681382;0.04525;0
WASP-7 b;0.96;1.33;4.9546416;0.0617;0
WASP-70A b;0.59;1164;3.7130203;0.04853;0
WASP-71 b;2258;1.5;2.9036747;0.04631;0
WASP-72 b;1461;1.27;2.2167421;0.03708;-1
WASP-73 b;1.88;1.16;4.08722;0.05512;0
WASP-74 b;0.95;1.56;2.13775;37;0
WASP-75 b;1.07;1.27;2.484193;0.0375;0
WASP-76 b;0.92;1.83;1.809886;33;0
WASP-77A b;1.76;1.21;1.3600309;24;-1
WASP-78 b;1.16;1.75;2.17517656;0.0415;0
WASP-79 b;0.9;1.7;3.6623817;0.0539;0
WASP-8 b;2244;1038;8.158715;0.0801;0.31
WASP-80 b;554;952;3.0678504;0.0346;0.07
WASP-82 b;1.24;1.67;2.705782;0.0447;0
WASP-83 b;0.3;1.04;4.071252;59;0
WASP-84 b;694;942;8.5234865;0.0771;0
WASP-85 b;1265;1.24;2.6556777;39;-1
WASP-87A b;2.18;1385;1.682795;0.02946;0
WASP-88 b;0.56;1.7;4954;0.06431;0
WASP-89 b;5.9;1.04;3.3564227;0.0427;0.193
WASP-90 b;0.63;1.63;3.916243;0.0562;0
WASP-94 A b;452;1.72;3.9501907;55;0
WASP-94 B b;618;-1;2.00839;0.0335;-1
WASP-95 b;1.13;1.21;2.184673;0.03416;0
WASP-96 b;0.48;1.2;3.4252602;0.0453;0
WASP-97 b;1.32;1.13;2.07276;0.03303;0
WASP-98 b;0.83;1.1;2.96264;36;0
WASP-99 b;2.78;1.1;5.75251;0.0717;0
WD 0806-661B b;8;-1;-1;2500;-1
WD 1145+017 b;0.0000021;-1;0.1875;-1;-1
WISE 0458+6434 b;13;1009;25800;5;-1
WISE 1217+16A b;22;0.96;47400;7.6;-1
WISE 1711+3500 b;18;-1;125000;15;-1
WISE J0720-0846;62;-1;1388;1.3;0.8
WTS-1 b;4.01;1.49;3.352059;47;0.1
WTS-2 b;1.12;1.3;1.0187074;0.01855;0
XO-1 b;0.9;1184;3.9415128;0.0488;0
XO-2N b;0.62;973;2.615838;0.0369;0.045
XO-2S b;259;-1;18157;0.1344;0.18
XO-2S c;1.37;-1;120.8;0.4756;0.1528
XO-3 b;11.79;1217;3.1915239;0.0454;0.26
XO-4 b;1615;1317;4.12473;0.05485;0
XO-5 b;1077;1.03;4.1877537;0.0487;0
YBP1194 b;0.34;-1;6958;-1;0.24
YBP1514 b;0.4;-1;5118;-1;0.39
alf Ari b;1.8;-1;380.8;1.2;0.25
alf Cen B b;0.0036;-1;3.2357;0.04;0
beta Cir b;56;-1;-1;6656;-1
beta Cnc b;7.8;-1;605.2;1.7;0.08
beta Pic b;7;1.65;7890;9.2;0.26
beta Umi b;6.1;-1;522.3;1.4;0.19
eps CrB b;6.7;-1;417.9;1.3;0.11
eps Eridani b;1.55;-1;2502;3.39;0.702
eps Tau b;7.6;-1;594.9;1.93;0.151
eta Cet b;2.55;-1;403.5;1.27;0.13
eta Cet c;3.32;-1;751.9;1.93;0.1
gamma 1 Leo b;8.78;-1;428.5;1.19;0.144
gamma Cephei b;1.85;-1;903.3;2.05;0.049
kappa And b;14;1.2;-1;55;-1
kappa CrB b;1.6;-1;1251;2.6;0.19
ksi Aql b;2.8;-1;136.75;0.68;0
mu Ara b;1676;-1;643.25;1.5;0.128
mu Ara c;0.03321;-1;9.6386;0.09094;0.172
mu Ara d;0.5219;-1;310.55;921;0.0666
mu Ara e;1814;-1;4205.8;5235;0.0985
mu Leo b;2.4;-1;357.8;1.1;0.09
nu Oph b;24;-1;530.32;1.9;0.13
nu Oph c;27;-1;3186;6.1;0.18
ome Ser b;1.7;-1;277.02;1.1;0.106
omi CrB b;1.5;-1;187.3;0.83;0.191
omi UMa b;4.1;-1;1630;3.9;-1
sig Per b;6.5;-1;579.8;1.8;0.3
tau Boo b;4.13;1.06;3.31249;46;0.0787
tau Gem b;20.6;-1;305.5;1.17;0.031
ups And b;0.62;-1;4.61711;59;0.01186
ups And c;1.8;-1;240937;861;0.2445
ups And d;10.19;-1;1281439;2.55;0.316
ups And e;1059;-1;3848.86;5.2456;0.00536
