name;orbital_period
Earth;365
11 Com b;326.03
11 UMi b;516.22
14 And b;185.84
14 Her b;1773.4
16 Cyg B b;799.5
18 Del b;993.3
1RXS 1609 b;-1
1SWASP J1407 b;3725
24 Sex b;452.8
24 Sex c;883
2M 0103(AB) b;-1
2M 0122-2439 b;-1
2M 0219-3925 b;-1
2M 044144 b;-1
2M 0746+20 b;4640
2M 1936+4603 b;416
2M 2140+16 b;7340
2M 2206-20 b;8686
2M1207 b;-1
30 Ari B b;335.1
4 Uma b;269.3
42 Dra b;479.1
47 Uma b;1078
47 Uma c;2391
47 Uma d;14002
51 Eri b;14965
51 Peg b;4.2308
55 Cnc b;14651
55 Cnc c;44.3446
55 Cnc d;5218
55 Cnc e;0.7365417
55 Cnc f;260.7
6 Lyn b;899
61 Vir b;4215
61 Vir c;38021
61 Vir d;123.01
7 CMa b;796
70 Vir b;116.67
75 Cet b;691.9
8 Umi b;93.4
81 Cet b;952.7
91 Aqr b;181.4
AB Pic b;-1
Aldebaran b;628.96
BD +48 738 b;392.6
BD+15 2940 b;137.48
BD+20 274 c;578.2
BD+49 828 b;2590
BD-061339 b;3.8728
BD-061339 c;125.94
BD-082823 b;5.6
BD-082823 c;237.6
BD-10 3166 b;3.4878
BD-114672 b;1667
BD-17 63 b;655.6
BD14 4559 b;268.94
BD20 2457 b;379.63
BD20 2457 c;621.99
CD-35 2722 b;-1
CFBDS 1458 b;14600
CHXR 73 b;-1
CT Cha b;-1
CoRoT-1 b;1.5089557
CoRoT-10 b;13.2406
CoRoT-11 b;2.994325
CoRoT-12 b;2.828042
CoRoT-13 b;4.03519
CoRoT-14 b;1.51214
CoRoT-15 b;3.06036
CoRoT-16 b;5.35227
CoRoT-17 b;3.768125
CoRoT-18 b;1.9000693
CoRoT-19 b;3.89713
CoRoT-2 b;1.7429964
CoRoT-20 b;9.24285
CoRoT-21 b;2.72474
CoRoT-22 b;9.75598
CoRoT-23 b;3.6314
CoRoT-24 b;5.1134
CoRoT-24 c;11759
CoRoT-25 b;4.86069
CoRoT-26 b;4.20474
CoRoT-27 b;3.57532
CoRoT-28 b;5.20851
CoRoT-29 b;2.85057
CoRoT-3 b;4.2567994
CoRoT-33 b;5.819143
CoRoT-4 b;9.20205
CoRoT-5 b;4.0378962
CoRoT-6 b;8.886593
CoRoT-7 b;0.853585
CoRoT-7 c;3698
CoRoT-8 b;6.21229
CoRoT-9 b;95.273804
DE0823-49 b;247.75
DH Tau b;-1
DP Leo b;10230
EPIC 201505350 b;7.919454
EPIC 201505350 c;11.90701
EPIC 201637175 b;0.381071
EPIC 2037 b;20.8851
EPIC 2037 c;42.3633
EPIC-206011691 b;9.32414
EPIC-206011691 c;15.5012
FU Tau b;-1
FW Tau b;-1
Fomalhaut b;320000
GJ 1132 b;1.62893
GJ 1214 b;1.58040482
GJ 160.2 b;5.2354
GJ 176 b;8.7836
GJ 180 b;17.38
GJ 180 c;24329
GJ 221  BD-061339 d;500
GJ 229 b;471
GJ 27.1 b;15819
GJ 3021 b;133.71
GJ 317 b;692
GJ 317 c;7300
GJ 328 b;4100
GJ 3293 b;30.6
GJ 3293 d;123.98
GJ 3341 b;14207
GJ 3470 b;3.33671
GJ 3634 b;2.64561
GJ 422 b;26161
GJ 433 b;7.3697
GJ 433 c;3693
GJ 436 b;2.64394
GJ 504 b;-1
GJ 667C b;7.2004
GJ 667C c;28.14
GJ 667C d;91.61
GJ 667C e;62.24
GJ 667C f;39026
GJ 667C g;256.2
GJ 674 b;4.6944
GJ 676A b;1050.3
GJ 676A c;4400
GJ 676A d;3.6
GJ 676A e;35.37
GJ 682 b;17478
GJ 682 c;57.32
GJ 758 b;109000
GJ 832 b;3416
GJ 832 c;35.67
GJ 849 b;1914
GJ 849 c;7049
GQ Lup b;-1
GSC 6214-210 b;-1
GU Psc b;-1
Gj 163 b;8633
Gj 163 c;25645
Gj 163 d;600895
Gl 15 A b;11.4433
Gl 179 b;2288
Gl 581 b;5.36865
Gl 581 c;12.9182
Gl 581 e;3.14945
Gl 649 b;598.3
Gl 649 c;4.4762
Gl 687 b;38.14
Gl 785 b;74.39
Gl 86 b;15766
Gliese 876 b;61.03
Gliese 876 c;30.23
Gliese 876 d;1.94
Gliese 876 e;124.69
HAT-P-1 b;4.46529976
HAT-P-11 b;4.887804
HAT-P-12 b;3.2130598
HAT-P-13 b;2.916243
HAT-P-13 c;446.27
HAT-P-14 b;4.627657
HAT-P-15 b;10.863502
HAT-P-16 b;2.77596
HAT-P-17 b;10.338523
HAT-P-17 c;1798
HAT-P-18 b;5.508029
HAT-P-19 b;4.008784
HAT-P-2 b;5.6334729
HAT-P-20 b;2.875317
HAT-P-21 b;4.124461
HAT-P-22 b;3.21222
HAT-P-23 b;1.212884
HAT-P-24 b;3.35524
HAT-P-25 b;3.652836
HAT-P-26 b;4.234516
HAT-P-27-WASP-40 b;3.0395803
HAT-P-28 b;3.257215
HAT-P-29 b;5.723186
HAT-P-3 b;2.899703
HAT-P-30-WASP-51 b;2.810595
HAT-P-31 b;5.005425
HAT-P-32 b;2.150009
HAT-P-33 b;3.474474
HAT-P-34 b;5.452654
HAT-P-35 b;3.646706
HAT-P-36 b;1.327347
HAT-P-37 b;2.797436
HAT-P-38 b;4.640382
HAT-P-39 b;3.54387
HAT-P-4 b;3.0565114
HAT-P-40 b;4.457243
HAT-P-41 b;2.694047
HAT-P-42 b;4.641876
HAT-P-43 b;3.332688
HAT-P-44 b;4.301217
HAT-P-44 c;219.9
HAT-P-45 b;3.128992
HAT-P-46 b;4.463129
HAT-P-46 c;77.7
HAT-P-49 b;2.691548
HAT-P-5 b;2.788491
HAT-P-50 b;3.1220109
HAT-P-51 b;4.2180278
HAT-P-52 b;2.7535953
HAT-P-53 b;1.9616241
HAT-P-54 b;3.799847
HAT-P-55 b;3.5852467
HAT-P-56 b;2.7908327
HAT-P-57 b;2.465295
HAT-P-6 b;3.853003
HAT-P-7 b;2.204735471
HAT-P-8 b;3.0763402
HAT-P-9 b;3.922814
HATS-1 b;3.446459
HATS-10 b;3.312846
HATS-13 b;3.0440499
HATS-14 b;2.7667641
HATS-2 b;1.354133
HATS-3 b;3.547851
HATS-4 b;2.516729
HATS-5 b;4.763387
HATS-6 b;3.3252725
HATS-8 b;3.583893
HATS-9 b;1.9153073
HD 100655 b;157.57
HD 100777 b;383.7
HD 10180 c;5.75979
HD 10180 d;16.3579
HD 10180 e;49745
HD 10180 f;122.76
HD 10180 g;601.2
HD 10180 h;2222
HD 101930 b;70.46
HD 102117 b;20.67
HD 102195 b;4.113775
HD 102272 b;127.58
HD 102272 c;520
HD 102329 b;778.1
HD 102365 b;122.1
HD 102956 b;6495
HD 103197 b;47.84
HD 103720 b;4.5557
HD 103774 b;5.8881
HD 104067 b;55806
HD 104985 b;198.2
HD 106252 b;1600
HD 106270 b;2890
HD 10647 b;1003
HD 106515A b;3630
HD 106906 b;-1
HD 10697 b;1076.4
HD 107148 b;48056
HD 108147 b;10.8985
HD 108341 b;1129
HD 108863 b;443.4
HD 108874 b;395.4
HD 108874 c;1605.8
HD 109246 b;68.27
HD 109271 b;7.8543
HD 109271 c;30.93
HD 109749 b;5.23921
HD 110014 b;835477
HD 111232 b;1143
HD 113337 b;324
HD 113538 b;663.2
HD 113538 c;1818
HD 114386 b;937
HD 114386 c;1046
HD 114613 b;3827
HD 114729 b;1135
HD 114762 b;83.9151
HD 114783 b;501
HD 11506 b;1270
HD 11506 c;170.46
HD 116029 b;670.2
HD 117207 b;2627.08
HD 11755 b;433.7
HD 117618 b;25827
HD 117618 c;318
HD 118203 b;6.13322
HD 11964 b;1945
HD 11964 c;37.91
HD 11977 b;711
HD 120084 b;2082
HD 121504 b;63.33
HD 122430 b;344.95
HD 125595 b;9.6737
HD 125612 b;502
HD 125612 c;4.1547
HD 125612 d;3008
HD 12648 b;133.6
HD 126525 b;948.12
HD 12661 b;263.6
HD 12661 c;1708
HD 126614 b;1244
HD 128311 b;448.6
HD 128311 c;919
HD 129445 b;1840
HD 130322 b;10.72
HD 131496 b;883
HD 13189 b;471.6
HD 132406 b;974
HD 132563B b;1544
HD 134060 b;3.27
HD 134060 c;1160.9
HD 134606 b;12083
HD 134606 c;59519
HD 134606 d;459.26
HD 134987 b;258.19
HD 134987 c;5000
HD 136352 b;11577
HD 136352 c;27582
HD 136352 d;106.72
HD 136418 b;464.3
HD 137388 b;330
HD 13808 b;14182
HD 13808 c;53832
HD 13908 b;19382
HD 13908 c;931
HD 13931 b;4218
HD 139357 b;1125.7
HD 14067 b;1455
HD 141399 b;94.35
HD 141399 c;202.08
HD 141399 d;1070.35
HD 141399 e;3717.35
HD 141937 b;653.22
HD 142 b;349.7
HD 142 c;6005
HD 142022 A b;1928
HD 142245 b;1299
HD 142415 b;386.3
HD 143361 b;1057
HD 145377 b;103.95
HD 145457 b;176.3
HD 145934 b;2730
HD 1461 b;5.77152
HD 1461 c;13.5052
HD 147018 b;44236
HD 147018 c;1008
HD 147513 b;528.4
HD 148156 b;1010
HD 148427 b;331.5
HD 149026 b;2.8758916
HD 149143 b;4.07206
HD 1502 b;431.8
HD 150433 b;1096.2
HD 150706 b;5894
HD 152079 b;2097
HD 152581 b;689
HD 153950 b;499.4
HD 154088 b;18596
HD 154345 b;3538
HD 154672 b;163.91
HD 154857 b;408.6
HD 154857 c;3452
HD 155233 b;885
HD 155358 b;194.3
HD 155358 c;391.9
HD 156279 b;131.05
HD 156411 b;842.2
HD 156668 b;4646
HD 157172 b;104.84
HD 158038 b;521
HD 159243 b;12.62
HD 159243 c;248.4
HD 159868 b;1178.4
HD 159868 c;352.3
HD 1605 b;577.9
HD 1605 c;2111
HD 16141 b;75.82
HD 16175 b;990
HD 162020 b;8.428198
HD 163607 b;75229
HD 163607 c;1314
HD 16417 b;17.24
HD 164509 b;282.4
HD 164595 b;40
HD 164604 b;606.4
HD 164922 b;1155
HD 1666 b;270
HD 166724 b;8100
HD 167042 b;416.1
HD 168443 b;58.11247
HD 168443 c;1749.83
HD 168746 b;6403
HD 1690 b;533
HD 169830 b;225.62
HD 169830 c;2102
HD 170469 b;1145
HD 17092 b;359.9
HD 171028 b;550
HD 171238 b;1523
HD 17156 b;21.2163979
HD 173416 b;323.6
HD 175167 b;1290
HD 175541 b;297.3
HD 176051 b;1016
HD 177830 b;406.6
HD 177830 c;110.9
HD 178911 B b;71487
HD 179079 b;14476
HD 179949 b;3.0925
HD 180314 b;396.03
HD 180902 b;479
HD 181342 b;663
HD 181433 b;9.3743
HD 181433 c;962
HD 181433 d;2172
HD 181720 b;956
HD 183263 b;626.5
HD 183263 c;2950
HD 185269 b;6838
HD 187085 b;986
HD 187123 b;3.0965828
HD 187123 c;3810
HD 18742 b;772
HD 188015 b;456.46
HD 189567 b;14275
HD 189733 b;2.21857312
HD 190360 b;2867.9
HD 190360 c;17.1186
HD 190647 b;1038.1
HD 190984 b;4885
HD 192263 b;24.3587
HD 192310 c;525.8
HD 192699 b;351.5
HD 195019 b;18.20163
HD 196050 b;1316.24
HD 196067 b;3638
HD 196885 A b;1326
HD 197037 b;1035.7
HD 19994 b;535.7
HD 20003 b;11849
HD 20003 c;33823
HD 200964 b;613.8
HD 200964 c;825
HD 202206 b;255.87
HD 202206 c;1383.4
HD 20367 b;500
HD 2039 b;1183
HD 204313 b;2024.1
HD 204313 c;34905
HD 204313 d;2831.6
HD 204941 b;1733
HD 205739 b;279.8
HD 206610 b;610
HD 20781 b;29.15
HD 20781 c;85131
HD 20782 b;591.9
HD 207832 b;161.97
HD 207832 c;1155.7
HD 20794 b;18315
HD 20794 c;40114
HD 20794 d;90309
HD 208487 b;129.8
HD 208527 b;875.5
HD 20868 b;380.85
HD 209458 b;3.52472
HD 210277 b;442.1
HD 210702 b;354.8
HD 211847 b;7930
HD 212301 b;2.245715
HD 212771 b;373.3
HD 213240 b;951
HD 215152 b;7.2825
HD 215152 c;10866
HD 215456 b;191.99
HD 215456 c;2277
HD 215497 b;3.93404
HD 215497 c;567.94
HD 216435 b;1311
HD 216437 b;1256
HD 216536 b;148.6
HD 216770 b;118.45
HD 21693 b;22656
HD 21693 c;53881
HD 217107 b;7.12689
HD 217107 c;4210
HD 217786 b;1319
HD 218566 b;225.7
HD 219077 b;5501
HD 219134 b;3.0931
HD 219134 c;6.7635
HD 219134 d;46.71
HD 219134 e;1842
HD 219134 f;22805
HD 219134 g;94.2
HD 219134 h;2247
HD 219415 b;2093.3
HD 219828 b;3.8335
HD 220074 b;672.1
HD 220689 b;2209
HD 220773 b;3724.7
HD 221287 b;456.1
HD 222155 b;3999
HD 222582 b;572.38
HD 224693 b;26.73
HD 22781 b;528.07
HD 23079 b;626
HD 23127 b;1214
HD 231701 b;141.6
HD 233604 b;192
HD 23596 b;1565
HD 240210 b;501.75
HD 240237 b;745.7
HD 24040 b;3668
HD 24064 b;555.6
HD 25171 b;1845
HD 2638 b;3.43752
HD 27442 b;415.2
HD 27631 b;2208
HD 27894 b;17991
HD 28185 b;383
HD 28254 b;1116
HD 284149 b;-1
HD 285507 b;6.0881
HD 28678 b;387.1
HD 290327 b;2443
HD 2952 b;311.6
HD 30177 b;1620
HD 30562 b;1157
HD 30669 b;1684
HD 30856 b;912
HD 31253 b;466
HD 31527 b;16546
HD 31527 c;51284
HD 31527 d;274.49
HD 32518 b;157.54
HD 330075 b;3.6413
HD 33142 b;326.6
HD 33283 b;18.1801
HD 33564 b;388
HD 34445 b;1049
HD 3651 b;62.23
HD 3651 c;31
HD 37124 b;154378
HD 37124 c;885.5
HD 37124 d;1862
HD 37605 b;55.01307
HD 37605 c;2720
HD 38283 b;363.2
HD 38529 b;14.3104
HD 38529 c;2134.76
HD 38801 b;696.3
HD 38858 b;407.15
HD 39091 b;2049
HD 39194 b;5.6363
HD 39194 c;14025
HD 39194 d;33941
HD 40307 b;4.3115
HD 40307 c;9.6207
HD 40307 d;20.4184
HD 40307 e;34.62
HD 40307 f;51.56
HD 40307 g;197.8
HD 40979 b;263.1
HD 41004 A b;963
HD 41004 B b;1.32363
HD 4113 b;526.62
HD 4203 b;437.05
HD 4203 c;6700
HD 4208 b;829
HD 4308 b;15609
HD 4313 b;356
HD 43197 b;327.8
HD 43691 b;36.96
HD 44219 b;472.3
HD 45184 b;5.8872
HD 45350 b;890.76
HD 45364 b;226.93
HD 45364 c;342.85
HD 45652 b;43.6
HD 46375 b;3.02358
HD 47186 b;4.0845
HD 47186 c;1353.6
HD 47536 b;430
HD 47536 c;2500
HD 48265 b;700
HD 49674 b;4.94739
HD 50499 b;2482.7
HD 50554 b;1293
HD 51608 b;14.07
HD 51608 c;95415
HD 52265 b;119.6
HD 52265 c;59.9
HD 5319 b;675
HD 5608 b;792.6
HD 564 b;492.3
HD 5891 b;177.11
HD 59686 b;303
HD 60532 b;201.83
HD 60532 c;607.06
HD 62509 b;589.64
HD 63454 b;2.81747
HD 63765 b;358
HD 6434 b;21998
HD 65216 b;572.4
HD 65216 c;152.6
HD 66141 b;480.5
HD 66428 b;1973
HD 67087 b;352.2
HD 67087 c;2374
HD 6718 b;2496
HD 68988 b;6276
HD 69830 b;8667
HD 69830 c;31.56
HD 69830 d;197
HD 70573 b;851.8
HD 70642 b;2231
HD 7199 b;615
HD 72659 b;3658
HD 73256 b;2.54858
HD 73267 b;1260
HD 73526 b;188.3
HD 73526 c;377.8
HD 73534 b;1800
HD 74156 b;51.65
HD 74156 c;2476
HD 7449 b;1275
HD 7449 c;4046
HD 75289 b;3.50928
HD 75898 b;418.2
HD 76700 b;3.97101
HD 77338 b;5.7561
HD 7924 b;5.39792
HD 7924 c;15299
HD 7924 d;24451
HD 79498 b;1966
HD 80606 b;111.43637
HD 81040 b;1001.7
HD 81688 b;184.02
HD 82886 b;705
HD 82943 b;442.4
HD 82943 c;219.3
HD 82943 d;1078
HD 83443 b;2.98572
HD 8535 b;1313
HD 85390 b;788
HD 85390 c;3700
HD 85512 b;58.43
HD 8574 b;227.55
HD 86081 b;1.99809
HD 86226 b;1534
HD 86264 b;1475
HD 8673 b;1634
HD 87883 b;2754
HD 88133 b;3.41566
HD 89307 b;2199
HD 89744 b;256
HD 89744 c;85.2
HD 90156 b;49.77
HD 92788 b;325.81
HD 92788 c;162
HD 93083 b;143.58
HD 93385 b;13186
HD 93385 c;46025
HD 9446 b;30052
HD 9446 c;192.9
HD 95086 b;-1
HD 95089 b;507
HD 95127 b;482
HD 9578 b;494
HD 96063 b;361.1
HD 96127 b;647.3
HD 96167 b;498.9
HD 96700 b;8.1256
HD 96700 c;103.49
HD 97658 b;9.4903
HD 98219 b;436.9
HD 98649 b;4951
HD 99109 b;439.3
HD 99492 b;17.0431
HD 99492 c;4970
HD 99706 b;868
HD169142 b;-1
HIP 105854 b;184.2
HIP 107773 b;144.3
HIP 116454 b;9.1265
HIP 11915;3830
HIP 12961 b;57435
HIP 14810 b;6.673855
HIP 14810 c;147.73
HIP 14810 d;962
HIP 5158 b;345.63
HIP 5158 c;9018
HIP 57050 b;41397
HIP 57274 b;8.1352
HIP 57274 c;32.03
HIP 57274 d;431.7
HIP 63242 b;124.6
HIP 65891 b;1084.5
HIP 67851 b;88.9
HIP 67851 c;2131.8
HIP 70849 b;10000
HIP 73990 b;-1
HIP 73990 c;-1
HIP 74865 b;-1
HIP 75458 b;510702
HIP 77900 b;-1
HIP 78530 b;-1
HIP 79431 b;111.7
HIP 91258 b;5.0505
HIP 97233 b;1058.8
HN Peg b;-1
HR 228 b;360.2
HR 228 c;2732
HR 3549 b;-1
HR 810 b;320.1
HR 8799 b;164250
HR 8799 c;82145
HR 8799 d;41054
HR 8799 e;18000
HU Aqr(AB) c;5646
HW Vir (AB) b;4640
K2-3  b;10.05403
K2-3 c;24.6454
K2-3 d;44.5631
KELT-1 b;1.217514
KELT-10 b;4.166285
KELT-15 b;3.329441
KELT-2A b;4.1137914
KELT-3 b;2.7033902
KELT-6 b;7.845582
KELT-6 c;1276
KELT-7 b;2.7347749
KELT-8 b;3.24406
KIC 10001893 b;0.2197
KIC 10001893 d;0.81161
KIC 10255705 b;707.3793
KIC 10905746 b;9.8844
KIC 11152511 b;287363
KIC 12454613 b;736.3819
KIC 12557548 b;0.653553
KIC 5010054 b;904.24
KIC 5094412 b;276.88
KIC 5522786 b;757.1639
KIC 5732155 b;644.1685
KIC 6185331 b;49.76971
KIC 6372194 b;281.5848
KIC 6436029 b;505.45
KIC 9632895 (AB) b;240503
KIC 9662267 b;466202
KIC 9704149 b;697.0159
KIC-8552719 b;88.4075
KMT-2015-1 b;-1
KOI-1089.02;12.21826
KOI-1257 A b;86.647661
KOI-1299 c;411
KOI-1781 b;3.00516
KOI-1843 b;0.1768913
KOI-188 b;3.79701816
KOI-192 b;-1
KOI-195 b;3.21751883
KOI-206 b;5.33
KOI-2138 b;23.5541
KOI-2700 b;0.910022
KOI-368.01;110.3216
KOI-372 b;125.63243
KOI-372 c;457.57
KOI-4427.01;147.6606
KOI-620.02;130194
KOI-680 b;8.6
KOI-830 b;3.52563254
KOI-89 b;84.69
KOI-89 c;207.58
Kapteyn's b;48616
Kapteyn's c;121.54
Kepler-10 b;0.8374907
Kepler-10 c;45.294301
Kepler-100 b;6.887037
Kepler-100 c;12.815909
Kepler-100 d;35.33313
Kepler-101 b;3.487691
Kepler-101 c;6.029809
Kepler-102 b;16.14569
Kepler-102 c;10.3117732
Kepler-102 d;7.07134
Kepler-103 b;15.965316
Kepler-103 c;179.6133
Kepler-104 b;11.427548
Kepler-104 c;23.668205
Kepler-104 d;51.755394
Kepler-105 c;7.125939
Kepler-106 b;6.16486
Kepler-106 c;13.5708
Kepler-106 d;23.9802
Kepler-106 e;43.8445
Kepler-107 b;3.179997
Kepler-107 c;4.901425
Kepler-107 d;7.958203
Kepler-107 e;14.749049
Kepler-108 b;49.183921
Kepler-108 c;190.323494
Kepler-109 b;6.481637
Kepler-109 c;21.22262
Kepler-11 b;10.30375
Kepler-11 c;13.02502
Kepler-11 d;22.68719
Kepler-11 e;31.9959
Kepler-11 f;46.68876
Kepler-11 g;118.37774
Kepler-110 b;12.691112
Kepler-110 c;31.719775
Kepler-111 b;3.341815
Kepler-111 c;224.784608
Kepler-112 b;8.408878
Kepler-112 c;28.574263
Kepler-113 b;4754
Kepler-113 c;8.92507
Kepler-114 b;5.188548
Kepler-114 c;8041
Kepler-114 d;11776
Kepler-115 b;2.403679
Kepler-115 c;8.990889
Kepler-116 b;5.968734
Kepler-116 c;13.07163
Kepler-117 b;18.795952
Kepler-117 c;50.790412
Kepler-118 b;7.518496
Kepler-118 c;20.17202
Kepler-119 b;2.422082
Kepler-119 c;4.125103
Kepler-12 b;4.4379637
Kepler-120 b;6.312501
Kepler-120 c;12.794585
Kepler-121 b;3.177422
Kepler-121 c;41.008011
Kepler-122 b;5.766193
Kepler-122 c;12.465988
Kepler-122 d;21.587475
Kepler-122 e;37.993273
Kepler-123 b;17.232366
Kepler-123 c;26.695074
Kepler-124 b;3.410493
Kepler-124 c;13.821375
Kepler-124 d;30.950851
Kepler-125 b;4.164389
Kepler-125 c;5.774464
Kepler-126 b;10.495711
Kepler-126 c;21.869741
Kepler-126 d;100.283134
Kepler-127 b;14.435889
Kepler-127 c;29.393195
Kepler-127 d;48.630408
Kepler-128 b;15.09
Kepler-128 c;22804
Kepler-129 b;15.79186
Kepler-129 c;82.20017
Kepler-13 b;1.7633587
Kepler-130 b;8.457458
Kepler-130 d;87.517905
Kepler-131 b;16092
Kepler-131 c;25516
Kepler-132 b;6.178196
Kepler-132 c;6.414914
Kepler-132 d;18.010199
Kepler-133 b;8.129976
Kepler-133 c;31.517586
Kepler-134 b;5.317429
Kepler-134 c;10.105785
Kepler-135 b;6.00253
Kepler-135 c;11.448708
Kepler-136 b;11.5789
Kepler-136 c;16.399235
Kepler-137 b;8.436387
Kepler-137 c;18.735753
Kepler-138 b;10.31320643
Kepler-138 c;13.78164
Kepler-138 d;23.08933
Kepler-139 b;15.771044
Kepler-139 c;157.072878
Kepler-14 b;6.790123
Kepler-140 b;3.25427
Kepler-140 c;91.353282
Kepler-141 b;3.107675
Kepler-141 c;7.010606
Kepler-142 b;2.024152
Kepler-142 c;4.761702
Kepler-142 d;41.809118
Kepler-143 b;16.007583
Kepler-143 c;27.082511
Kepler-144 b;5.885273
Kepler-144 c;10.104665
Kepler-145 b;22951
Kepler-145 c;42882
Kepler-146 b;31.158799
Kepler-146 c;76.732171
Kepler-147 b;12.610584
Kepler-147 c;33.416423
Kepler-148 b;1.729366
Kepler-148 c;4.180043
Kepler-149 b;29.198943
Kepler-149 c;55.328328
Kepler-149 d;160.018032
Kepler-15 b;4.942782
Kepler-150 b;3.428054
Kepler-150 c;7.381998
Kepler-150 d;12.56093
Kepler-150 e;30.826557
Kepler-151 b;15.228958
Kepler-151 c;24.674612
Kepler-152 b;18.207973
Kepler-152 c;88.255055
Kepler-153 b;18.870227
Kepler-153 c;46.90232
Kepler-154 b;33.040532
Kepler-154 c;62.303276
Kepler-155 b;5.931194
Kepler-155 c;52.661793
Kepler-156 b;4.973456
Kepler-156 c;15.906801
Kepler-157 b;1.732342
Kepler-157 c;13.5405
Kepler-158 b;16.709184
Kepler-158 c;28.551383
Kepler-159 b;10.139623
Kepler-159 c;43.595792
Kepler-16 (AB) b;228776
Kepler-160 b;4.309427
Kepler-160 c;13.699087
Kepler-161 b;4.921355
Kepler-161 c;7.06424
Kepler-162 b;6.919798
Kepler-162 c;19.446355
Kepler-163 b;7.810937
Kepler-163 c;21.347262
Kepler-164 b;5.03503
Kepler-164 c;10.945723
Kepler-164 d;28.986769
Kepler-165 b;8.180848
Kepler-165 c;15.31299
Kepler-166 b;7.650254
Kepler-166 c;34.260281
Kepler-167 b;4.393147
Kepler-167 c;7.406097
Kepler-168 b;4.425391
Kepler-168 c;13.193242
Kepler-169 b;3.250619
Kepler-169 c;6.195469
Kepler-169 d;8.348125
Kepler-169 e;13.767102
Kepler-169 f;87.090195
Kepler-17 b;1.4857108
Kepler-170 b;7.930592
Kepler-170 c;16.665863
Kepler-171 b;4.166972
Kepler-171 c;11.463462
Kepler-171 d;39.595519
Kepler-172 b;2.940309
Kepler-172 c;6.388996
Kepler-172 d;14.627119
Kepler-172 e;35.118736
Kepler-173 b;4.263742
Kepler-173 c;8.005777
Kepler-174 b;13.98179
Kepler-174 c;44.000529
Kepler-174 d;247.35373
Kepler-175 b;11.903515
Kepler-175 c;34.035257
Kepler-176 b;5.433074
Kepler-176 c;12.759712
Kepler-176 d;25.751974
Kepler-177 b;35855
Kepler-177 c;49412
Kepler-178 b;9.576694
Kepler-178 c;20.552802
Kepler-178 d;96.678988
Kepler-179 b;2.735926
Kepler-179 c;6.40013
Kepler-18 b;3.504725
Kepler-18 c;7.64159
Kepler-18 d;14.85888
Kepler-180 b;13.817124
Kepler-180 c;41.885775
Kepler-181 b;3.137873
Kepler-181 c;4.302149
Kepler-182 b;9.825792
Kepler-182 c;20.684342
Kepler-183 b;5.687945
Kepler-183 c;11.637071
Kepler-184 b;10.687576
Kepler-184 c;20.303005
Kepler-184 d;29.022358
Kepler-185 b;1.6329
Kepler-185 c;20.729042
Kepler-186 b;3.886803
Kepler-186 c;7.267277
Kepler-186 d;13.343058
Kepler-186 e;22.407793
Kepler-186 f;129.9459
Kepler-187 b;4.938864
Kepler-187 c;10.640263
Kepler-188 b;2.061897
Kepler-188 c;5.996553
Kepler-189 b;10.399931
Kepler-189 c;20.134866
Kepler-19 b;9.2869944
Kepler-190 b;2.019999
Kepler-190 c;3.763024
Kepler-191 b;9.939632
Kepler-191 c;17.738506
Kepler-192 b;9.926746
Kepler-192 c;21.2234
Kepler-193 b;11.38848
Kepler-193 c;50.697494
Kepler-194 b;2.092281
Kepler-194 c;17.308032
Kepler-194 d;52.814973
Kepler-195 b;8.307872
Kepler-195 c;34.096863
Kepler-196 b;20.739886
Kepler-196 c;47.427737
Kepler-197 b;5.599308
Kepler-197 c;10.349695
Kepler-197 d;15.677563
Kepler-197 e;25.209715
Kepler-198 b;17.790037
Kepler-198 c;49.567416
Kepler-199 b;23.637604
Kepler-199 c;67.093408
Kepler-20 b;3.6961219
Kepler-20 c;10.854092
Kepler-20 d;77.61185
Kepler-20 e;6.098493
Kepler-20 f;19.57706
Kepler-200 b;8.594805
Kepler-200 c;10.222157
Kepler-201 b;25.672083
Kepler-201 c;151.884058
Kepler-202 b;4.069427
Kepler-202 c;16.282493
Kepler-203 b;3.162697
Kepler-203 c;5.370647
Kepler-203 d;11.32972
Kepler-204 b;14.400974
Kepler-204 c;25.660593
Kepler-205 b;2.75564
Kepler-205 c;20.306546
Kepler-206 b;7.781987
Kepler-206 c;13.137471
Kepler-206 d;23.44281
Kepler-207 b;1.611865
Kepler-207 c;3.071571
Kepler-207 d;5.868075
Kepler-208 b;4.22864
Kepler-208 c;7.466623
Kepler-208 d;11.131786
Kepler-208 e;16.259458
Kepler-209 b;16.087845
Kepler-209 c;41.749882
Kepler-21 b;2.785755
Kepler-210 b;2.4532
Kepler-210 c;7.9725
Kepler-211 b;4.138575
Kepler-211 c;6.04045
Kepler-212 b;16.257582
Kepler-212 c;31.805174
Kepler-213 b;2.46236
Kepler-213 c;4.822962
Kepler-214 b;15.660544
Kepler-214 c;28.7798
Kepler-215 b;9.360672
Kepler-215 c;14.667108
Kepler-215 d;30.864423
Kepler-215 e;68.16101
Kepler-216 b;7.693641
Kepler-216 c;17.406669
Kepler-217 b;5.374943
Kepler-217 c;8.586004
Kepler-218 b;3.619337
Kepler-218 c;44.699576
Kepler-219 b;4.585512
Kepler-219 c;22.714613
Kepler-219 d;47.903645
Kepler-22 b;289.8623
Kepler-220 b;4.159807
Kepler-220 c;9.034199
Kepler-220 d;28.122397
Kepler-220 e;45.902733
Kepler-221 b;2.795906
Kepler-221 c;5.690586
Kepler-221 d;10.04156
Kepler-221 e;18.369917
Kepler-222 b;3.936981
Kepler-222 c;10.08881
Kepler-222 d;28.081912
Kepler-223 b;7.384108
Kepler-223 c;9.848183
Kepler-223 d;14.788759
Kepler-223 e;19.721734
Kepler-224 b;3.132924
Kepler-224 c;5.925003
Kepler-224 d;11.349393
Kepler-224 e;18.643577
Kepler-225 b;6.738975
Kepler-225 c;18.794234
Kepler-226 b;3.940997
Kepler-226 c;5.349555
Kepler-226 d;8.109044
Kepler-227 b;9.488015
Kepler-227 c;54.418694
Kepler-228 b;2.566546
Kepler-228 c;4.134444
Kepler-228 d;11.094286
Kepler-229 b;6.252972
Kepler-229 c;16.068638
Kepler-229 d;41.194912
Kepler-23 b;7.1073
Kepler-23 c;10.7421
Kepler-230 b;32.625555
Kepler-230 c;91.773242
Kepler-231 b;10.065275
Kepler-231 c;19.271566
Kepler-232 b;4.431222
Kepler-232 c;11.379349
Kepler-233 b;8.472382
Kepler-233 c;60.418955
Kepler-234 b;2.711506
Kepler-234 c;7.21205
Kepler-235 b;3.340222
Kepler-235 c;7.824904
Kepler-235 d;20.060548
Kepler-235 e;46.183669
Kepler-236 b;8.295611
Kepler-236 c;23.968127
Kepler-237 b;4.715106
Kepler-237 c;8.103636
Kepler-238 b;2.090876
Kepler-238 c;6.155557
Kepler-238 d;13.233549
Kepler-238 e;23654
Kepler-238 f;50447
Kepler-239 b;11.763051
Kepler-239 c;56.228098
Kepler-24 b;8.1453
Kepler-24 c;12.3335
Kepler-240 b;4.144495
Kepler-240 c;7.953528
Kepler-241 b;12.718092
Kepler-241 c;36.065978
Kepler-242 b;8.20395
Kepler-242 c;14.496481
Kepler-243 b;5.715442
Kepler-243 c;20.026218
Kepler-244 b;4.311792
Kepler-244 c;9.767292
Kepler-244 d;20.050401
Kepler-245 b;7.49019
Kepler-245 c;17.460812
Kepler-245 d;36.277108
Kepler-246 b;4.60182
Kepler-246 c;11.187161
Kepler-247 b;3.33616
Kepler-247 c;9.439452
Kepler-247 d;20.477912
Kepler-248 b;6.308205
Kepler-248 c;16.239494
Kepler-249 b;3.306539
Kepler-249 c;7.113702
Kepler-249 d;15.368459
Kepler-25 b;6.2385
Kepler-25 c;12.7204
Kepler-25 d;123
Kepler-250 b;4.148141
Kepler-250 c;7.156804
Kepler-250 d;17.648312
Kepler-251 b;4.790936
Kepler-251 c;16.514043
Kepler-251 d;30.133001
Kepler-251 e;99.640161
Kepler-252 b;6.668391
Kepler-252 c;10.848463
Kepler-253 b;3.783986
Kepler-253 c;10.281951
Kepler-253 d;18.119869
Kepler-254 b;5.826662
Kepler-254 c;12.412183
Kepler-254 d;18.746477
Kepler-255 b;5.714606
Kepler-255 c;9.946047
Kepler-256 b;1.620493
Kepler-256 c;3.38802
Kepler-256 d;5.839172
Kepler-256 e;10.681572
Kepler-257 b;2.382667
Kepler-257 c;6.581484
Kepler-257 d;24.664551
Kepler-258 b;13.19722
Kepler-258 c;33.653079
Kepler-259 b;8.115317
Kepler-259 c;36.924931
Kepler-26 b;12.2829
Kepler-26 c;17.2513
Kepler-26 e;46.827915
Kepler-260 b;8.187399
Kepler-260 c;76.050178
Kepler-261 b;10.381227
Kepler-261 c;24.570858
Kepler-262 b;13.060855
Kepler-262 c;21.853722
Kepler-263 b;16.568087
Kepler-263 c;47.332773
Kepler-264 b;40.806231
Kepler-264 c;140.101261
Kepler-265 b;6.846262
Kepler-265 c;17.028937
Kepler-265 d;43.130617
Kepler-265 e;67.831024
Kepler-266 b;6.61833
Kepler-266 c;107.723601
Kepler-267 b;3.353728
Kepler-267 c;6.87745
Kepler-267 d;28.464515
Kepler-268 b;25.934138
Kepler-268 c;83.446393
Kepler-269 b;5.326718
Kepler-269 c;8.127899
Kepler-27 b;15.3348
Kepler-27 c;31.3309
Kepler-270 b;11.476094
Kepler-270 c;25.262887
Kepler-271 b;5.217738
Kepler-271 c;7.410935
Kepler-272 b;2.971353
Kepler-272 c;6.057342
Kepler-272 d;10.937304
Kepler-273 b;2.936532
Kepler-273 c;8.014927
Kepler-274 b;11.634788
Kepler-274 c;33.197861
Kepler-275 b;10.300682
Kepler-275 c;16.088134
Kepler-275 d;35.676062
Kepler-276 b;14.12841
Kepler-276 c;31884
Kepler-276 d;48648
Kepler-277 b;17324
Kepler-277 c;33006
Kepler-278 b;30.160546
Kepler-278 c;51.078775
Kepler-279 b;12.309681
Kepler-279 c;35736
Kepler-279 d;54414
Kepler-28 b;5.9123
Kepler-28 c;8.9858
Kepler-280 b;2.139542
Kepler-280 c;4.807091
Kepler-281 b;14.646008
Kepler-281 c;36.337373
Kepler-282 b;9.220524
Kepler-282 c;13.638723
Kepler-282 d;24806
Kepler-282 e;44347
Kepler-283 b;11.008151
Kepler-283 c;92.743711
Kepler-284 b;12.699149
Kepler-284 c;37.514456
Kepler-285 b;2.633867
Kepler-285 c;6.186676
Kepler-286 b;1.796302
Kepler-286 c;3.468095
Kepler-286 d;5.914323
Kepler-286 e;29.221289
Kepler-287 b;20.342199
Kepler-287 c;44.851896
Kepler-288 b;6.097326
Kepler-288 c;19.305772
Kepler-288 d;56.633742
Kepler-289 b;34.543901
Kepler-289 c;125.866438
Kepler-29 b;10.3376
Kepler-29 c;13.2907
Kepler-290 b;14.589347
Kepler-290 c;36.77031
Kepler-291 b;3.546511
Kepler-291 c;5.700786
Kepler-292 b;2.580827
Kepler-292 c;3.715335
Kepler-292 d;7.055679
Kepler-292 e;11.97901
Kepler-292 f;20.834237
Kepler-293 b;19.254196
Kepler-293 c;54.155743
Kepler-294 b;3.701212
Kepler-294 c;6.6264
Kepler-295 b;12.645164
Kepler-295 c;21.526258
Kepler-295 d;33.884054
Kepler-296 b;3.621457
Kepler-296 c;5.841648
Kepler-296 d;19.850242
Kepler-296 e;34.142347
Kepler-296 f;63.335879
Kepler-297 b;38.871826
Kepler-297 c;74.920137
Kepler-298 b;10.475464
Kepler-298 c;22.92881
Kepler-298 d;77.473633
Kepler-299 b;2.927128
Kepler-299 c;6.885875
Kepler-299 d;15.054786
Kepler-299 e;38.285489
Kepler-30 b;29334
Kepler-30 c;60.3231
Kepler-30 d;143343
Kepler-300 b;10.446347
Kepler-300 c;40.714955
Kepler-301 b;2.508553
Kepler-301 c;5.419026
Kepler-301 d;13.751243
Kepler-302 b;30.184104
Kepler-302 c;127.282184
Kepler-303 b;1.937055
Kepler-303 c;7.061149
Kepler-304 b;3.295709
Kepler-304 c;5.315946
Kepler-304 d;9.653471
Kepler-305 b;5487
Kepler-305 c;8291
Kepler-305 d;16.738661
Kepler-306 b;4.646186
Kepler-306 c;7.240193
Kepler-306 d;17.326644
Kepler-306 e;44.840975
Kepler-307 b;10416
Kepler-307 c;13084
Kepler-308 b;9.694928
Kepler-308 c;15.38231
Kepler-309 b;5.923653
Kepler-309 c;105.356383
Kepler-31 b;20.8613
Kepler-31 c;42.6318
Kepler-31 d;87.648901
Kepler-310 b;13.930698
Kepler-310 c;56.47542
Kepler-310 d;92.876125
Kepler-311 b;9.176092
Kepler-311 c;19.738286
Kepler-312 b;1.772419
Kepler-312 c;19.747412
Kepler-313 b;14.970418
Kepler-313 c;32.273273
Kepler-314 b;2.461069
Kepler-314 c;5.960392
Kepler-315 b;96.101141
Kepler-315 c;265.469335
Kepler-316 b;2.240508
Kepler-316 c;6.827766
Kepler-317 b;5.524242
Kepler-317 c;8.77501
Kepler-318 b;4.662715
Kepler-318 c;11.815007
Kepler-319 b;4.362705
Kepler-319 c;6.941357
Kepler-319 d;31.781925
Kepler-32 b;5.90124
Kepler-32 c;8.7522
Kepler-320 b;8.371554
Kepler-320 c;17.934937
Kepler-321 b;4.915379
Kepler-321 c;13.093921
Kepler-322 b;1.653888
Kepler-322 c;4.337234
Kepler-323 b;1.678327
Kepler-323 c;3.553822
Kepler-324 b;4.385315
Kepler-324 c;51.805612
Kepler-325 b;4.544439
Kepler-325 c;12.762172
Kepler-325 d;38.715185
Kepler-326 b;2.248329
Kepler-326 c;4.580358
Kepler-326 d;6.766888
Kepler-327 b;2.549575
Kepler-327 c;5.212333
Kepler-327 d;13.969457
Kepler-328 b;34921
Kepler-328 c;71312
Kepler-329 b;7.416397
Kepler-329 c;18.684737
Kepler-33 b;5.66793
Kepler-33 c;13.17562
Kepler-33 d;21.77596
Kepler-33 e;31.7844
Kepler-33 f;41.02902
Kepler-330 b;8.25978
Kepler-330 c;15.955387
Kepler-331 b;8.457496
Kepler-331 c;17.28111
Kepler-331 d;32.134328
Kepler-332 b;7.626324
Kepler-332 c;15.995622
Kepler-332 d;34.21154
Kepler-333 b;12.551158
Kepler-333 c;24.08821
Kepler-334 b;5.470319
Kepler-334 c;12.758005
Kepler-334 d;25.09849
Kepler-335 b;6.562331
Kepler-335 c;67.844469
Kepler-336 b;2.024823
Kepler-336 c;9.600001
Kepler-336 d;20.678772
Kepler-337 b;3.292781
Kepler-337 c;9.693201
Kepler-338 b;13.726976
Kepler-338 c;24.310856
Kepler-338 d;44.431014
Kepler-339 b;4.977656
Kepler-339 c;6.988055
Kepler-339 d;10.558345
Kepler-34(AB)  b;288822
Kepler-340 b;14.844387
Kepler-340 c;22.824669
Kepler-341 b;5.195528
Kepler-341 c;8.01041
Kepler-341 d;27.666313
Kepler-341 e;42.473269
Kepler-342 b;15.170318
Kepler-342 c;26.234138
Kepler-342 d;39.459357
Kepler-343 b;8.96855
Kepler-343 c;23.22182
Kepler-344 b;21.963945
Kepler-344 c;125.596809
Kepler-345 b;7.415563
Kepler-345 c;9.387427
Kepler-346 b;6.511127
Kepler-346 c;23.851549
Kepler-347 b;12.79836
Kepler-347 c;27.320871
Kepler-348 b;7.05677
Kepler-348 c;17.265427
Kepler-349 b;5.929778
Kepler-349 c;12.247629
Kepler-35(AB) b;131458
Kepler-350 b;11.189562
Kepler-350 c;17849
Kepler-350 d;26136
Kepler-351 b;37.054919
Kepler-351 c;57.24809
Kepler-352 b;10.05537
Kepler-352 c;16.332995
Kepler-353 b;5.795278
Kepler-353 c;8.410894
Kepler-354 b;5.47666
Kepler-354 c;16.934402
Kepler-354 d;24.209842
Kepler-355 b;11.03189
Kepler-355 c;25.762294
Kepler-356 b;4.612696
Kepler-356 c;13.121632
Kepler-357 b;6.475434
Kepler-357 c;16.85837
Kepler-357 d;49.499875
Kepler-358 b;34.060467
Kepler-358 c;83.488369
Kepler-359 b;25.563222
Kepler-359 c;57.68802
Kepler-359 d;77.095691
Kepler-36 b;13.83989
Kepler-36 c;16.23855
Kepler-360 b;3.289672
Kepler-360 c;7.186434
Kepler-361 b;8.486616
Kepler-361 c;55.188023
Kepler-362 b;10.327186
Kepler-362 c;37.866281
Kepler-363 b;3.614568
Kepler-363 c;7.542427
Kepler-363 d;11.932125
Kepler-364 b;25.745718
Kepler-364 c;59.980627
Kepler-365 b;10.664903
Kepler-365 c;17.784129
Kepler-366 b;3.281959
Kepler-366 c;12.51616
Kepler-367 b;37.815724
Kepler-367 c;53.578637
Kepler-368 b;26.84768
Kepler-368 c;72.379334
Kepler-369 b;2.732756
Kepler-369 c;14.871572
Kepler-37 b;13.367308
Kepler-37 c;21.301886
Kepler-37 d;39.792187
Kepler-370 b;4.57953
Kepler-370 c;19.02293
Kepler-371 b;34.763278
Kepler-371 c;67.968015
Kepler-372 b;6.849692
Kepler-372 c;20.053763
Kepler-372 d;30.092568
Kepler-373 b;5.535309
Kepler-373 c;16.725948
Kepler-374 b;1.897806
Kepler-374 c;3.282807
Kepler-374 d;5.028219
Kepler-375 b;12.125934
Kepler-375 c;19.986326
Kepler-376 b;4.920199
Kepler-376 c;14.172327
Kepler-377 b;12.509529
Kepler-377 c;27.014976
Kepler-378 b;16.092361
Kepler-378 c;28.906009
Kepler-379 b;20.09838
Kepler-379 c;62.784697
Kepler-38(AB) b;105595
Kepler-380 b;3.930821
Kepler-380 c;7.630004
Kepler-381 b;5.629021
Kepler-381 c;13.391635
Kepler-382 b;5.262155
Kepler-382 c;12.162701
Kepler-383 b;12.904532
Kepler-383 c;31.200751
Kepler-384 b;22.597053
Kepler-384 c;45.348269
Kepler-385 b;10.043686
Kepler-385 c;15.163161
Kepler-386 b;12.31043
Kepler-386 c;25.193458
Kepler-387 b;6.791636
Kepler-387 c;11.837549
Kepler-388 b;3.173315
Kepler-388 c;13.297004
Kepler-389 b;3.244107
Kepler-389 c;14.51143
Kepler-39 b;21.0874
Kepler-390 b;6.738088
Kepler-390 c;13.060022
Kepler-391 b;7.416755
Kepler-391 c;20.485435
Kepler-392 b;5.341853
Kepler-392 c;10.423118
Kepler-393 b;9.182417
Kepler-393 c;14.613612
Kepler-394 b;8.005013
Kepler-394 c;12.130686
Kepler-395 b;7.054346
Kepler-395 c;34.989262
Kepler-396 b;42994
Kepler-396 c;88505
Kepler-397 b;22.250949
Kepler-397 c;135.498527
Kepler-398 b;4.081423
Kepler-398 c;11.419412
Kepler-399 b;14.425281
Kepler-399 c;26.67569
Kepler-399 d;58.034616
Kepler-4 b;3.21346
Kepler-40 b;6.87349
Kepler-400 b;9.024389
Kepler-400 c;17.340824
Kepler-401 b;14.383035
Kepler-401 c;47.318218
Kepler-402 b;4.028751
Kepler-402 c;6.124821
Kepler-402 d;8.921099
Kepler-402 e;11.242861
Kepler-403 b;7.031462
Kepler-403 c;54.280749
Kepler-404 b;11.829851
Kepler-404 c;14.751166
Kepler-405 b;10.613839
Kepler-405 c;29.726682
Kepler-406 b;2.42629
Kepler-406 c;4.62332
Kepler-41  b;1.855558
Kepler-410A b;17.833648
Kepler-412 b;1.720861232
Kepler-413(AB) b;66262
Kepler-418 b;86.67865
Kepler-419 b;69.7546
Kepler-419 c;675.47
Kepler-42 b;1.2137672
Kepler-42 c;0.45328509
Kepler-42 d;1.856169
Kepler-421 b;704.1984
Kepler-422 b;7.8914483
Kepler-423 b;2.6843285
Kepler-424 b;3.3118644
Kepler-424 c;223.3
Kepler-43 b;3.024095
Kepler-432 b;52.501134
Kepler-436 b;64.00205
Kepler-437 b;66.65062
Kepler-438 b;35.23319
Kepler-439 b;178.1396
Kepler-44 b;3.24674
Kepler-440 b;101.11141
Kepler-441 b;207.2482
Kepler-442 b;112.3053
Kepler-443 b;177.6693
Kepler-444 b;3.60001053
Kepler-444 c;4.5458841
Kepler-444 d;6.189392
Kepler-444 e;7.743493
Kepler-444 f;9.740486
Kepler-445 b;2.984151
Kepler-445 c;4.871229
Kepler-445 d;8.15275
Kepler-446 b;1.565409
Kepler-446 c;3.036179
Kepler-446 d;5.148921
Kepler-447 b;7.79430132
Kepler-45 b;2.455239
Kepler-452 b;384843
Kepler-46 b;33.60134
Kepler-46 c;57004
Kepler-47(AB) b;49514
Kepler-47(AB) c;303148
Kepler-48 b;4.7779803
Kepler-48 c;9.6739283
Kepler-48 d;42.8961
Kepler-48 e;982
Kepler-49 b;7.2037945
Kepler-49 c;10.9129343
Kepler-49 d;2.576549
Kepler-49 e;18.596108
Kepler-5 b;3.54846
Kepler-50 b;7.8125124
Kepler-50 c;9.3761368
Kepler-51 b;45.1555023
Kepler-51 c;85.3128662
Kepler-52 b;7.8773565
Kepler-52 c;16.3850021
Kepler-52 d;36.445171
Kepler-53 b;18.6489525
Kepler-53 c;38.5583038
Kepler-53 d;9.751962
Kepler-54 b;8.0109434
Kepler-54 c;12.0717249
Kepler-54 d;20.995694
Kepler-55 b;27.94811449
Kepler-55 c;42.1516418
Kepler-55 d;2.211099
Kepler-55 e;4.617534
Kepler-55 f;10.198545
Kepler-56 b;10.5016
Kepler-56 c;21.40239
Kepler-56 d;-1
Kepler-57 b;5.7293196
Kepler-57 c;11.6092567
Kepler-58 b;10.2184954
Kepler-58 c;15.5741568
Kepler-58 d;40.101371
Kepler-59 b;11.8681707
Kepler-59 c;17.9801235
Kepler-6 b;3.234723
Kepler-60 b;7.1316185
Kepler-60 c;8.9193459
Kepler-60 d;11.9016171
Kepler-61 b;59.87756
Kepler-62 b;5.714932
Kepler-62 c;12.4417
Kepler-62 d;18.16406
Kepler-62 e;122.3874
Kepler-62 f;267291
Kepler-63 b;9.4341505
Kepler-65 b;2.15491
Kepler-65 c;5.859944
Kepler-65 d;8.13123
Kepler-66 b;17.815815
Kepler-67 b;15.7259
Kepler-68 b;5.398763
Kepler-68 c;9.605065
Kepler-68 d;580
Kepler-69 b;13.722341
Kepler-69 c;242.4613
Kepler-7 b;4.885525
Kepler-70  b;0.2401
Kepler-70 c;0.34289
Kepler-71 b;3.905081
Kepler-74 b;7.340718
Kepler-75 b;8.884924
Kepler-76 b;1.54492875
Kepler-77 b;3.5787087
Kepler-78 b;0.35500745
Kepler-79 b;13.4845
Kepler-79 c;27.4029
Kepler-79 d;52.0902
Kepler-79 e;81.0659
Kepler-8 b;3.52254
Kepler-80 b;7.05
Kepler-80 c;9.52
Kepler-80 d;3.07
Kepler-80 e;4.64
Kepler-80 f;0.99
Kepler-81 b;5.954893
Kepler-81 c;12.039901
Kepler-81 d;20.837846
Kepler-82 b;26.44288
Kepler-82 c;51.53005
Kepler-82 d;2.382961
Kepler-82 e;5.902206
Kepler-83 b;9.770513
Kepler-83 c;20.08976
Kepler-83 d;5.169796
Kepler-84 b;8.725854
Kepler-84 c;12.882525
Kepler-84 d;4.224537
Kepler-84 e;27.434389
Kepler-84 f;44.552169
Kepler-85 b;8.305992
Kepler-85 c;12.51217
Kepler-85 d;17.91323
Kepler-85 e;25.216751
Kepler-86 b;282.5255
Kepler-87 b;114.73709
Kepler-87 c;192363
Kepler-88 b;10.95416
Kepler-88 c;22.3395
Kepler-89 b;3.7432451
Kepler-89 c;10.423707
Kepler-89 d;22.3430004
Kepler-89 e;54.319931
Kepler-9 b;19.22418
Kepler-9 c;39.03106
Kepler-9 d;1.592851
Kepler-90 b;7.008151
Kepler-90 c;8.719375
Kepler-90 d;59.73667
Kepler-90 e;91.93913
Kepler-90 f;124.9144
Kepler-90 g;210.60697
Kepler-90 h;331.60059
Kepler-91 b;6.24658
Kepler-92 b;13749
Kepler-92 c;26723
Kepler-93 b;4.72673978
LKCA 15 b;40000
MOA-2007-BLG-192-L b;-1
MOA-2007-BLG-197L b;-1
MOA-2007-BLG-400-L b;-1
MOA-2008-BLG-310-L b;-1
MOA-2008-BLG-379L b;-1
MOA-2009-BLG-266L b;2780
MOA-2009-BLG-319 b;-1
MOA-2009-BLG-387L b;1970
MOA-2010-BLG-328L b;-1
MOA-2010-BLG-353L b;-1
MOA-2010-BLG-477L b;-1
MOA-2011-BLG-262L b;-1
MOA-2011-BLG-274 b;-1
MOA-2011-BLG-293L b;-1
MOA-2011-BLG-322L b;-1
MOA-2013-BLG-220L b;-1
MOA-bin-1 b;-1
NGC 2423 3 b;714.3
NGC 4349 No 127 b;677.8
NLTT 41135;2.889475
NN Ser (ab) c;5660
NN Ser (ab) d;2830
NY Vir b;2987745
NY Vir c;9861.75
OGL-2008-BLG-355L b;-1
OGLE-05-071L b;3600
OGLE-05-169L b;-1
OGLE-05-390L b;3500
OGLE-06-109L b;1790
OGLE-06-109L c;4931
OGLE-2007-BLG-368L b;-1
OGLE-2008-BLG-092L b;-1
OGLE-2009-BLG-151 MOA-2009-232 b;-1
OGLE-2011-BLG-0251 b;-1
OGLE-2011-BLG-0265L b;-1
OGLE-2011-BLG-0420 b;-1
OGLE-2012-BLG-0026L b;-1
OGLE-2012-BLG-0026L c;-1
OGLE-2012-BLG-0358L b;-1
OGLE-2012-BLG-0406L b;-1
OGLE-2012-BLG-0563L b;-1
OGLE-2013-BLG-0102L b;-1
OGLE-2013-BLG-0341L b;-1
OGLE-2013-BLG-0723LB b;-1
OGLE-2014-BLG-0124L b;-1
OGLE-2015-BLG-0966 b;-1
OGLE-TR-10 b;3.10129
OGLE-TR-111 b;4.01451
OGLE-TR-113 b;1.4324772
OGLE-TR-132 b;1.689868
OGLE-TR-182 b;3.9791
OGLE-TR-211 b;3.67724
OGLE-TR-56 b;1.211909
OGLE2-TR-L9 b;2.4855335
OGLE235-MOA53 b;-1
OY Car b;-1
Oph 11 b;730000
PH1-Kepler-64 b;138506
POTS-1 b;3.1606296
PSR 1257 12 b;25262
PSR 1257 12 c;66.5419
PSR 1257 12 d;98.2114
PSR 1719-14 b;0.090706293
PSR B1620-26 b;36525
PSR B1957+20 b;9.1
PSR J1807-2459 A b;0.07
PSR J2051-0827 b;0.099110266
PSR J2241-5236 b;0.1456722395
PZ Tel b;-1
Pr0201 c;4.4264
Pr0211 b;2.1451
Qatar-1 b;1.4200246
Qatar-2 b;1.3371182
ROXs 12 b;-1
ROXs 42B b;-1
RR Cae b;4350
Ross 458(AB) c;-1
SAND364 b;121.71
SR 12 AB c;-1
SWEEPS-04 ;4.2
SWEEPS-11 ;1796
TWA 5 A(AB) b;-1
TYC+1422-614-1 b;198.44
TYC+1422-614-1 c;569.2
TrES-1 ;3.0300722
TrES-2 ;2.4706133738
TrES-3 ;1.30618608
TrES-4 ;3.5539268
TrES-5 ;1.4822446
USco1602-2401 b;-1
USco1610-1913 b;-1
USco1612-1800 b;-1
UScoCTIO 108 b;-1
UZ For(ab) d;1900
V391 Peg b;1170
VHS 1256-1257 b;-1
WASP-1 b;2.5199464
WASP-10 b;3.0927616
WASP-100 b;2.849375
WASP-101 b;3.585722
WASP-103 b;0.925542
WASP-104 b;1.7554137
WASP-106 b;9.289715
WASP-108 b;2.6755463
WASP-109 b;3.3190233
WASP-11-HAT-P-10 b;3.722469
WASP-110 b;3.7783977
WASP-111 b;2.310965
WASP-112 b;3.0353992
WASP-117 b;10.02165
WASP-12 b;1.0914222
WASP-120 b;3.6112706
WASP-121 b;1.2749255
WASP-122 b;1.7100567
WASP-123 b;2.977641
WASP-13 b;4.353011
WASP-135 b;1.4013794
WASP-14 b;2.2437661
WASP-15 b;3.7520656
WASP-16 b;3.1186009
WASP-17 b;3.735438
WASP-18 b;0.9414518
WASP-19 b;0.78884
WASP-2 b;2.15222144
WASP-20 b;4.8996285
WASP-21 b;4.3225126
WASP-22 b;3.5327313
WASP-23 b;2.9444256
WASP-24 b;2.3412127
WASP-25 b;3.76483
WASP-26 b;2.7566004
WASP-28 b;3.40883
WASP-29 b;3.922727
WASP-3 b;1.8468372
WASP-31 b;3.405909
WASP-32 b;2.71865
WASP-33 b;1.21986967
WASP-34 b;4.3176782
WASP-35 b;3.161575
WASP-36 b;1.5373653
WASP-37 b;3.577471
WASP-38 b;6.871815
WASP-39 b;4.055259
WASP-4 b;1.33823187
WASP-41 b;3.052404
WASP-41 c;421
WASP-42 b;4.9816872
WASP-43 b;0.81347753
WASP-44 b;2.4238039
WASP-45 b;3.1260876
WASP-46 b;1.43037
WASP-47 b;4.1591409
WASP-47 c;572
WASP-47 d;9.03079
WASP-47 e;0.789593
WASP-48 b;2.143634
WASP-49 b;2.7817387
WASP-5 b;1.6284246
WASP-50 b;1.9550959
WASP-52 b;1.7497798
WASP-54 b;3.7
WASP-55 b;4.465633
WASP-56 b;4.6
WASP-57 b;2.8
WASP-58 b;5.01718
WASP-59 b;7.9
WASP-6 b;3.361006
WASP-60 b;4.3
WASP-61 b;3.8559
WASP-62 b;4.411953
WASP-63 b;4.37809
WASP-64 b;1.6
WASP-65 b;2.3114243
WASP-66 b;4.086052
WASP-67 b;4.61442
WASP-68 b;5.084298
WASP-69 b;3.8681382
WASP-7 b;4.9546416
WASP-70A b;3.7130203
WASP-71 b;2.9036747
WASP-72 b;2.2167421
WASP-73 b;4.08722
WASP-74 b;2.13775
WASP-75 b;2.484193
WASP-76 b;1.809886
WASP-77A b;1.3600309
WASP-78 b;2.17517656
WASP-79 b;3.6623817
WASP-8 b;8.158715
WASP-80 b;3.0678504
WASP-82 b;2.705782
WASP-83 b;4.071252
WASP-84 b;8.5234865
WASP-85 b;2.6556777
WASP-87A b;1.682795
WASP-88 b;4954
WASP-89 b;3.3564227
WASP-90 b;3.916243
WASP-94 A b;3.9501907
WASP-94 B b;2.00839
WASP-95 b;2.184673
WASP-96 b;3.4252602
WASP-97 b;2.07276
WASP-98 b;2.96264
WASP-99 b;5.75251
WD 0806-661B b;-1
WD 1145+017 b;0.1875
WISE 0458+6434 b;25800
WISE 1217+16A b;47400
WISE 1711+3500 b;125000
WISE J0720-0846;1388
WTS-1 b;3.352059
WTS-2 b;1.0187074
XO-1 b;3.9415128
XO-2N b;2.615838
XO-2S b;18157
XO-2S c;120.8
XO-3 b;3.1915239
XO-4 b;4.12473
XO-5 b;4.1877537
YBP1194 b;6958
YBP1514 b;5118
alf Ari b;380.8
alf Cen B b;3.2357
beta Cir b;-1
beta Cnc b;605.2
beta Pic b;7890
beta Umi b;522.3
eps CrB b;417.9
eps Eridani b;2502
eps Tau b;594.9
eta Cet b;403.5
eta Cet c;751.9
gamma 1 Leo b;428.5
gamma Cephei b;903.3
kappa And b;-1
kappa CrB b;1251
ksi Aql b;136.75
mu Ara b;643.25
mu Ara c;9.6386
mu Ara d;310.55
mu Ara e;4205.8
mu Leo b;357.8
nu Oph b;530.32
nu Oph c;3186
ome Ser b;277.02
omi CrB b;187.3
omi UMa b;1630
sig Per b;579.8
tau Boo b;3.31249
tau Gem b;305.5
ups And b;4.61711
ups And c;240937
ups And d;1281439
ups And e;3848.86
